name,wins,looses,draws,ko_rate,stance,age,height,reach,country,height_m,reach_cm
Saul Alvarez,54,1,2,63.2,Orthodox,32,5.74 ft (1.75 m),70.47 inches (179 cm),Mexico,1.75,179.0
rene alvarado,32,8,0,52.5,Orthodox,33,5.58 ft (1.70 m),72.05 inches (183 cm),Nicaragua,1.7,183.0
daniel alicea,30,7,2,56.4,Orthodox,49,5.68 ft (1.73 m),70.08 inches (178 cm),Puerto Rico,1.73,178.0
sadam ali,27,3,0,46.7,Orthodox,33,5.74 ft (1.75 m),72.83 inches (185 cm),United States,1.75,185.0
muhammad ali,56,5,0,60.7,Orthodox,80,6.27 ft (1.91 m),77.95 inches (198 cm),United States,1.91,198.0
juan zurita,130,23,1,29.9,Orthodox,105,5.41 ft (1.65 m),66.14 inches (168 cm),Mexico,1.65,168.0
fritzie zivic,158,65,10,35.2,Orthodox,109,5.84 ft (1.78 m),70.87 inches (180 cm),United States,1.78,180.0
rudy zavala,25,8,2,60.0,Orthodox,53,5.58 ft (1.70 m),68.11 inches (173 cm),United States,1.7,173.0
carlos zarate,66,4,0,90.0,Orthodox,71,5.68 ft (1.73 m),66.93 inches (170 cm),Mexico,1.73,170.0
tony zale,67,18,2,51.7,Orthodox,108,5.61 ft (1.71 m),68.90 inches (175 cm),United States,1.71,175.0
daud cino yordan,40,4,0,62.2,Orthodox,35,5.58 ft (1.70 m),68.11 inches (173 cm),Indonesia,1.7,173.0
teddy yarosz,107,18,3,13.3,Orthodox,112,5.84 ft (1.78 m),72.44 inches (184 cm),United States,1.78,184.0
ronald wright,51,6,1,43.1,Southpaw,50,5.87 ft (1.79 m),72.05 inches (183 cm),United States,1.79,183.0
chalky wright,162,45,19,36.2,Orthodox,110,5.54 ft (1.69 m),68.90 inches (175 cm),United States,1.69,175.0
pongsaklek wonjongkam,89,5,2,47.9,Southpaw,45,5.31 ft (1.62 m),63.39 inches (161 cm),Thailand,1.62,161.0
krzysztof wlodarczyk,58,4,1,61.9,Orthodox,40,6.10 ft (1.86 m),75.20 inches (191 cm),Poland,1.86,191.0
jackie wilson,101,45,8,12.9,Orthodox,113,5.41 ft (1.65 m),64.96 inches (165 cm),United States,1.65,165.0
california jackie wilson,63,19,6,42.7,Orthodox,104,5.87 ft (1.79 m),75.98 inches (193 cm),United States,1.79,193.0
darroll wilson,27,10,2,53.8,Orthodox,56,6.00 ft (1.83 m),79.13 inches (201 cm),United States,1.83,201.0
mark wills,14,18,1,27.3,Orthodox,62,6.07 ft (1.85 m),74.02 inches (188 cm),United States,1.85,188.0
roderick willis,14,7,1,36.4,Orthodox,49,6.50 ft (1.98 m),81.89 inches (208 cm),United States,1.98,208.0
julian williams,27,2,1,51.6,Orthodox,32,5.84 ft (1.78 m),72.44 inches (184 cm),United States,1.78,184.0
holman williams,145,30,11,18.7,Orthodox,107,5.87 ft (1.79 m),70.87 inches (180 cm),United States,1.79,180.0
ike williams,128,24,5,38.9,Orthodox,99,5.74 ft (1.75 m),68.11 inches (173 cm),United States,1.75,173.0
cleveland williams,78,13,1,63.0,Orthodox,89,6.27 ft (1.91 m),79.92 inches (203 cm),United States,1.91,203.0
paul williams,41,2,0,62.8,Southpaw,41,6.07 ft (1.85 m),79.13 inches (201 cm),United States,1.85,201.0
tramaine williams,19,0,0,30.0,Southpaw,29,5.35 ft (1.63 m),68.11 inches (173 cm),United States,1.63,173.0
sherman williams,39,15,2,36.8,Orthodox,49,5.91 ft (1.80 m),75.98 inches (193 cm),Bahamas,1.8,193.0
deontay wilder,42,1,1,93.2,Orthodox,36,6.56 ft (2.00 m),83.07 inches (211 cm),United States,2.0,211.0
jimmy wilde,139,4,5,66.4,Orthodox,130,5.22 ft (1.59 m),66.14 inches (168 cm),United Kingdom,1.59,168.0
pernell whitaker,40,4,1,37.0,Southpaw,58,5.51 ft (1.68 m),68.90 inches (175 cm),United States,1.68,175.0
richie wenton,24,6,0,33.3,Orthodox,54,5.68 ft (1.73 m),70.08 inches (178 cm),United Kingdom,1.73,178.0
scott welch,22,4,0,65.4,Orthodox,54,6.17 ft (1.88 m),75.20 inches (191 cm),United Kingdom,1.88,191.0
gerald washington,20,4,1,52.0,Orthodox,40,6.50 ft (1.98 m),81.89 inches (208 cm),United States,1.98,208.0
rau'shee warren,17,3,0,18.2,Unknown,35,5.38 ft (1.64 m),64.57 inches (164 cm),United States,1.64,164.0
andre ward,32,0,0,50.0,Orthodox,38,6.00 ft (1.83 m),70.87 inches (180 cm),United States,1.83,180.0
micky ward,38,13,0,52.9,Orthodox,56,5.68 ft (1.73 m),70.08 inches (178 cm),United States,1.73,178.0
otto wallin,20,1,0,56.5,Southpaw,31,6.46 ft (1.97 m),77.95 inches (198 cm),Sweden,1.97,198.0
anaclet wamba,46,2,1,46.9,Orthodox,62,6.23 ft (1.90 m),75.98 inches (193 cm),France,1.9,193.0
nicholas walters,26,1,1,72.4,Orthodox,36,5.58 ft (1.70 m),72.83 inches (185 cm),Jamaica,1.7,185.0
jersey joe walcott,51,18,2,45.1,Orthodox,108,6.00 ft (1.83 m),74.02 inches (188 cm),United States,1.83,188.0
mickey walker,131,26,5,36.6,Orthodox,121,5.58 ft (1.70 m),66.93 inches (170 cm),United States,1.7,170.0
mariusz wach,34,6,0,43.9,Orthodox,42,6.63 ft (2.02 m),81.89 inches (208 cm),Poland,2.02,208.0
rose volante,14,1,0,50.0,Orthodox,34,5.45 ft (1.66 m),67.32 inches (171 cm),Brazil,1.66,171.0
brian viloria,36,6,0,50.0,Orthodox,41,5.35 ft (1.63 m),66.14 inches (168 cm),United States,1.63,168.0
felix verdejo,27,1,0,60.7,Orthodox,29,5.74 ft (1.75 m),72.05 inches (183 cm),Puerto Rico,1.75,183.0
jose velasquez,27,6,2,51.4,Orthodox,32,5.22 ft (1.59 m),64.17 inches (163 cm),Chile,1.59,163.0
david vedder,23,25,5,5.7,Orthodox,58,6.07 ft (1.85 m),75.98 inches (193 cm),United States,1.85,193.0
jessie vargas,29,3,2,32.4,Orthodox,33,5.84 ft (1.78 m),70.87 inches (180 cm),United States,1.78,180.0
francisco vargas,26,2,2,60.0,Orthodox,37,5.68 ft (1.73 m),70.08 inches (178 cm),Mexico,1.73,178.0
fernando vargas,26,5,0,71.0,Orthodox,44,5.84 ft (1.78 m),70.08 inches (178 cm),United States,1.78,178.0
nikolay valuev,50,2,0,64.2,Orthodox,49,6.99 ft (2.13 m),85.04 inches (216 cm),Russian Federation,2.13,216.0
matt vanda,45,16,0,41.0,Orthodox,43,5.84 ft (1.78 m),70.08 inches (178 cm),United States,1.78,178.0
oscar valdez,28,1,0,67.7,Orthodox,31,5.45 ft (1.66 m),66.14 inches (168 cm),Mexico,1.66,168.0
rodrigo valdes,64,8,2,58.1,Orthodox,75,5.81 ft (1.77 m),68.90 inches (175 cm),Colombia,1.77,175.0
yordenis ugas,25,4,0,41.4,Orthodox,36,5.74 ft (1.75 m),68.90 inches (175 cm),Cuba,1.75,175.0
mike tyson,50,6,0,74.6,Orthodox,56,5.84 ft (1.78 m),70.87 inches (180 cm),United States,1.78,180.0
randolph turpin,66,8,1,60.0,Orthodox,94,5.81 ft (1.77 m),74.41 inches (189 cm),United Kingdom,1.77,189.0
gene tunney,79,1,4,56.5,Orthodox,125,6.00 ft (1.83 m),75.98 inches (193 cm),United States,1.83,193.0
david tua,52,5,2,72.9,Orthodox,49,5.84 ft (1.78 m),70.08 inches (178 cm),New Zealand,1.78,178.0
tony tubbs,48,9,0,44.1,Orthodox,64,6.23 ft (1.90 m),79.13 inches (201 cm),United States,1.9,201.0
kostya tszyu,31,2,0,73.5,Orthodox,52,5.58 ft (1.70 m),66.93 inches (170 cm),Australia,1.7,170.0
rex tso,15,0,0,56.3,Southpaw,35,5.58 ft (1.70 m),69.69 inches (177 cm),Hong Kong,1.7,177.0
courage tshabalala,26,4,0,73.3,Orthodox,51,6.20 ft (1.89 m),81.10 inches (206 cm),South Africa,1.89,206.0
caleb truax,31,5,2,45.2,Orthodox,38,6.00 ft (1.83 m),72.83 inches (185 cm),United States,1.83,185.0
austin trout,32,5,1,47.4,Orthodox,36,5.81 ft (1.77 m),72.05 inches (183 cm),United States,1.77,183.0
felix trinidad,42,3,0,77.8,Orthodox,49,5.91 ft (1.80 m),72.44 inches (184 cm),Puerto Rico,1.8,184.0
jose torres,41,3,1,64.4,Orthodox,86,5.84 ft (1.78 m),74.02 inches (188 cm),Puerto Rico,1.78,188.0
james toney,76,9,3,51.1,Orthodox,53,5.84 ft (1.78 m),72.05 inches (183 cm),United States,1.78,183.0
fabrice tiozzo,48,2,0,64.0,Orthodox,53,6.07 ft (1.85 m),72.05 inches (183 cm),France,1.85,183.0
james tillis,42,22,1,47.0,Orthodox,65,6.07 ft (1.85 m),79.92 inches (203 cm),United States,1.85,203.0
dick tiger,60,19,3,32.9,Orthodox,93,5.68 ft (1.73 m),70.87 inches (180 cm),Nigeria,1.73,180.0
dave tiberi,22,3,3,25.0,Orthodox,55,5.87 ft (1.79 m),72.44 inches (184 cm),United States,1.79,184.0
keith thurman,29,1,0,71.0,Orthodox,33,5.61 ft (1.71 m),68.90 inches (175 cm),United States,1.71,175.0
glenn thomas,29,8,0,43.2,Orthodox,59,5.74 ft (1.75 m),70.87 inches (180 cm),United States,1.75,180.0
marcel thil,113,23,14,36.0,Unknown,118,5.68 ft (1.73 m),68.50 inches (174 cm),France,1.73,174.0
lionell thompson,22,5,0,42.9,Orthodox,37,5.91 ft (1.80 m),75.20 inches (191 cm),United States,1.8,191.0
zolani tete,27,4,0,65.6,Orthodox,34,5.74 ft (1.75 m),72.05 inches (183 cm),South Africa,1.75,183.0
lew tendler,145,16,9,22.2,Southpaw,123,5.51 ft (1.68 m),70.08 inches (178 cm),United States,1.68,178.0
patrick teixeira,30,1,0,64.7,Southpaw,31,5.97 ft (1.82 m),76.38 inches (194 cm),Brazil,1.82,194.0
Josh Taylor,17,0,0,76.5,Southpaw,31,5.84 ft (1.78 m),69.69 inches (177 cm),United Kingdom,1.78,177.0
meldrick taylor,38,8,1,42.6,Orthodox,55,5.61 ft (1.71 m),66.14 inches (168 cm),United States,1.71,168.0
jermain taylor,33,4,1,52.6,Orthodox,44,5.91 ft (1.80 m),74.41 inches (189 cm),United States,1.8,189.0
thomas tate,41,7,0,58.3,Orthodox,56,5.84 ft (1.78 m),72.05 inches (183 cm),United States,1.78,183.0
antonio tarver,30,6,1,56.8,Southpaw,53,6.17 ft (1.88 m),75.20 inches (191 cm),United States,1.88,191.0
frankie swindell,37,24,4,42.4,Orthodox,58,5.84 ft (1.78 m),72.83 inches (185 cm),United States,1.78,185.0
imre szello,24,1,0,64.0,Orthodox,39,6.07 ft (1.85 m),74.80 inches (190 cm),Hungary,1.85,190.0
andy tabanas,40,5,2,51.1,Orthodox,52,5.15 ft (1.57 m),62.99 inches (160 cm),Philippines,1.57,160.0
bermane stiverne,26,3,1,70.0,Orthodox,43,6.17 ft (1.88 m),79.92 inches (203 cm),Canada,1.88,203.0
shakur stevenson,14,0,0,43.8,Southpaw,25,5.68 ft (1.73 m),68.11 inches (173 cm),United States,1.73,173.0
curtis stevens,30,7,0,59.5,Orthodox,37,5.58 ft (1.70 m),71.65 inches (182 cm),United States,1.7,182.0
adonis stevenson,29,2,1,75.0,Southpaw,44,5.91 ft (1.80 m),77.17 inches (196 cm),Canada,1.8,196.0
freddie steele,123,5,11,41.4,Orthodox,109,5.84 ft (1.78 m),72.05 inches (183 cm),United States,1.78,183.0
marlon starling,45,6,1,50.9,Orthodox,62,5.68 ft (1.73 m),72.83 inches (185 cm),United States,1.73,185.0
james stanton,17,6,0,34.8,Orthodox,49,6.17 ft (1.88 m),77.17 inches (196 cm),United States,1.88,196.0
bill squires,20,11,2,45.5,Orthodox,143,5.87 ft (1.79 m),70.08 inches (178 cm),Australia,1.79,178.0
michael spinks,31,1,0,65.6,Orthodox,66,6.20 ft (1.89 m),75.98 inches (193 cm),United States,1.89,193.0
errol spence jr,26,0,0,77.8,Orthodox,32,5.84 ft (1.78 m),72.05 inches (183 cm),United States,1.78,183.0
humberto soto,69,10,2,44.6,Orthodox,42,5.64 ft (1.72 m),68.90 inches (175 cm),Mexico,1.72,175.0
billy soose,34,6,1,34.1,Orthodox,107,6.04 ft (1.84 m),72.83 inches (185 cm),United States,1.84,185.0
liborio solis,30,6,1,35.9,Orthodox,40,5.38 ft (1.64 m),68.11 inches (173 cm),"Venezuela, Bolivarian Republic of",1.64,173.0
renaldo snipes,39,8,1,45.8,Orthodox,66,6.17 ft (1.88 m),77.95 inches (198 cm),United States,1.88,198.0
james smith,44,17,1,51.6,Orthodox,69,6.33 ft (1.93 m),81.89 inches (208 cm),United States,1.93,208.0
jeff smith,141,35,4,26.2,Unknown,131,5.71 ft (1.74 m),70.87 inches (180 cm),United States,1.74,180.0
buck smith,180,20,2,52.9,Orthodox,57,5.74 ft (1.75 m),68.11 inches (173 cm),United States,1.75,173.0
oleydong sithsamerchai,55,2,1,36.2,Southpaw,37,5.28 ft (1.61 m),61.42 inches (156 cm),Thailand,1.61,156.0
dan sherry,22,6,0,35.7,Orthodox,56,6.00 ft (1.83 m),70.08 inches (178 cm),Canada,1.83,178.0
omar sheika,32,12,0,47.7,Orthodox,45,6.00 ft (1.83 m),70.08 inches (178 cm),United States,1.83,178.0
vyacheslav shabranskyy,13,2,0,66.7,Orthodox,35,6.17 ft (1.88 m),75.20 inches (191 cm),Ukraine,1.88,191.0
dave shade,155,29,60,6.8,Orthodox,120,5.68 ft (1.73 m),70.87 inches (180 cm),United States,1.73,180.0
ezra sellers,29,8,0,70.3,Southpaw,53,6.07 ft (1.85 m),77.17 inches (196 cm),United States,1.85,196.0
lee selby,28,3,0,26.5,Orthodox,35,5.71 ft (1.74 m),68.90 inches (175 cm),United Kingdom,1.74,175.0
cletus seldin,25,1,0,75.0,Unknown,35,5.58 ft (1.70 m),66.93 inches (170 cm),United States,1.7,170.0
malik scott,37,3,1,31.7,Orthodox,41,6.33 ft (1.93 m),81.10 inches (206 cm),United States,1.93,206.0
max schmeling,56,10,4,57.1,Orthodox,116,6.07 ft (1.85 m),75.98 inches (193 cm),Germany,1.85,193.0
johnny saxton,55,9,2,31.8,Orthodox,92,5.74 ft (1.75 m),70.87 inches (180 cm),United States,1.75,180.0
Alex saucedo,29,1,0,63.3,Orthodox,28,5.84 ft (1.78 m),72.05 inches (183 cm),United States,1.78,183.0
petey sarron,110,24,19,16.3,Orthodox,115,5.25 ft (1.60 m),62.99 inches (160 cm),United States,1.6,160.0
diego ricardo santillan,23,3,0,57.7,Orthodox,35,5.28 ft (1.61 m),69.29 inches (176 cm),Argentina,1.61,176.0
edwin santana,27,5,6,18.4,Orthodox,52,5.38 ft (1.64 m),66.93 inches (170 cm),Dominican Republic,1.64,170.0
leo santa cruz,37,2,1,47.5,Orthodox,34,5.58 ft (1.70 m),68.90 inches (175 cm),Mexico,1.7,175.0
salvador sanchez,44,1,1,69.6,Orthodox,63,5.58 ft (1.70 m),66.93 inches (170 cm),Mexico,1.7,170.0
orlando salido,43,14,4,47.6,Orthodox,41,5.51 ft (1.68 m),66.93 inches (170 cm),Mexico,1.68,170.0
pedro saiz,25,9,3,43.2,Southpaw,56,5.58 ft (1.70 m),70.08 inches (178 cm),Dominican Republic,1.7,178.0
veeraphol sahaprom,66,4,2,63.9,Orthodox,53,5.25 ft (1.60 m),64.96 inches (165 cm),Thailand,1.6,165.0
Kevin Lele Sadjo,15,0,0,93.3,Orthodox,32,5.68 ft (1.73 m),68.11 inches (173 cm),France,1.73,173.0
sandy saddler,144,16,2,63.6,Orthodox,96,5.71 ft (1.74 m),70.08 inches (178 cm),United States,1.74,178.0
andy ruiz jr,33,2,0,62.9,Orthodox,32,6.17 ft (1.88 m),74.02 inches (188 cm),Mexico,1.88,188.0
gary russell jr,31,1,0,56.3,Orthodox,34,5.38 ft (1.64 m),64.17 inches (163 cm),United States,1.64,163.0
john ruiz,44,9,1,54.5,Orthodox,50,6.17 ft (1.88 m),77.95 inches (198 cm),United States,1.88,198.0
rafael ruelas,53,4,0,73.7,Orthodox,51,5.91 ft (1.80 m),70.87 inches (180 cm),United States,1.8,180.0
donovan ruddock,39,6,1,65.2,Orthodox,58,6.27 ft (1.91 m),81.89 inches (208 cm),Canada,1.91,208.0
derric rossy,30,13,0,32.6,Orthodox,42,6.27 ft (1.91 m),76.38 inches (194 cm),United States,1.91,194.0
barney ross,74,4,3,27.2,Orthodox,112,5.58 ft (1.70 m),66.93 inches (170 cm),United States,1.7,170.0
gabriel rosado,25,12,1,34.1,Orthodox,36,5.97 ft (1.82 m),71.65 inches (182 cm),United States,1.82,182.0
maxie rosenbloom,223,43,30,6.4,Orthodox,115,5.87 ft (1.79 m),71.65 inches (182 cm),United States,1.79,182.0
tomas rojas,51,19,1,47.2,Orthodox,42,5.68 ft (1.73 m),69.29 inches (176 cm),Mexico,1.73,176.0
luis manuel rodriguez,107,13,0,40.5,Orthodox,85,5.68 ft (1.73 m),74.02 inches (188 cm),Cuba,1.73,188.0
edwin rodriguez,31,2,0,60.6,Orthodox,37,6.00 ft (1.83 m),75.98 inches (193 cm),Dominican Republic,1.83,193.0
ray robinson,24,3,2,41.4,Southpaw,36,5.84 ft (1.78 m),77.95 inches (198 cm),United States,1.78,198.0
sugar ray robinson,175,19,6,54.5,Orthodox,101,5.91 ft (1.80 m),72.44 inches (184 cm),United States,1.8,184.0
jose luis rivera,18,6,0,53.8,Orthodox,55,6.00 ft (1.83 m),72.83 inches (185 cm),United States,1.83,185.0
ronny rios,31,3,0,44.1,Orthodox,32,5.61 ft (1.71 m),66.93 inches (170 cm),United States,1.71,170.0
guillermo rigondeaux,20,1,0,56.5,Southpaw,41,5.38 ft (1.64 m),66.14 inches (168 cm),Cuba,1.64,168.0
ron richards,95,25,10,43.5,Orthodox,112,5.87 ft (1.79 m),72.44 inches (184 cm),Australia,1.79,184.0
jose ribalta,38,17,1,48.2,Orthodox,59,6.40 ft (1.95 m),79.92 inches (203 cm),Cuba,1.95,203.0
robin reid,42,8,1,56.9,Orthodox,51,5.74 ft (1.75 m),75.98 inches (193 cm),United Kingdom,1.75,193.0
eric regan,27,4,0,58.1,Orthodox,46,6.33 ft (1.93 m),75.98 inches (193 cm),United States,1.93,193.0
frankie randall,58,18,1,54.5,Orthodox,60,5.68 ft (1.73 m),68.11 inches (173 cm),United States,1.73,173.0
sugar ramos,55,7,4,60.6,Orthodox,80,5.38 ft (1.64 m),68.11 inches (173 cm),Cuba,1.64,173.0
gilberto ramirez sanchez,40,0,0,63.4,Southpaw,31,6.20 ft (1.89 m),75.20 inches (191 cm),Mexico,1.89,191.0
jose carlos ramirez,26,0,0,65.4,Orthodox,30,5.84 ft (1.78 m),72.44 inches (184 cm),United States,1.78,184.0
wesley ramey,152,28,14,5.7,Orthodox,112,5.35 ft (1.63 m),66.93 inches (170 cm),United States,1.63,170.0
peter quillin,34,2,1,59.0,Orthodox,39,5.91 ft (1.80 m),72.83 inches (185 cm),United States,1.8,185.0
ike quartey,38,4,1,74.4,Orthodox,52,5.61 ft (1.71 m),70.87 inches (180 cm),Ghana,1.71,180.0
dwight muhammad qawi,41,11,1,47.2,Orthodox,69,5.45 ft (1.66 m),70.87 inches (180 cm),United States,1.66,180.0
ross puritty,31,20,3,50.0,Orthodox,55,6.27 ft (1.91 m),79.92 inches (203 cm),United States,1.91,203.0
aaron pryor,39,1,0,87.5,Orthodox,66,5.51 ft (1.68 m),68.90 inches (175 cm),United States,1.68,175.0
ruslan provodnikov,25,5,0,60.0,Orthodox,38,5.51 ft (1.68 m),66.14 inches (168 cm),Russian Federation,1.68,168.0
david price,23,7,0,63.3,Orthodox,39,6.66 ft (2.03 m),81.89 inches (208 cm),United Kingdom,2.03,208.0
alexander povetkin,36,2,1,62.5,Orthodox,42,6.17 ft (1.88 m),75.20 inches (191 cm),Russian Federation,1.88,191.0
shawn porter,30,3,1,48.6,Orthodox,34,5.58 ft (1.70 m),69.69 inches (177 cm),United States,1.7,177.0
michele piccirillo,50,5,0,51.8,Orthodox,52,5.87 ft (1.79 m),71.26 inches (181 cm),Italy,1.79,181.0
verno phillips,42,11,1,38.2,Orthodox,52,5.61 ft (1.71 m),68.90 inches (175 cm),United States,1.71,175.0
vince phillips,48,12,1,55.7,Orthodox,59,5.61 ft (1.71 m),70.08 inches (178 cm),United States,1.71,178.0
billy petrolle,123,26,15,40.0,Orthodox,117,5.58 ft (1.70 m),70.08 inches (178 cm),United States,1.7,178.0
lamont peterson,35,5,1,41.5,Orthodox,38,5.74 ft (1.75 m),72.05 inches (183 cm),United States,1.75,183.0
samuel peter,37,9,0,65.2,Orthodox,41,6.17 ft (1.88 m),77.17 inches (196 cm),Nigeria,1.88,196.0
eddie perkins,75,20,2,21.4,Orthodox,85,5.41 ft (1.65 m),68.11 inches (173 cm),United States,1.65,173.0
paul pender,40,6,2,41.7,Orthodox,92,5.84 ft (1.78 m),72.05 inches (183 cm),United States,1.78,183.0
willie pep,229,11,1,27.0,Orthodox,99,5.41 ft (1.65 m),68.11 inches (173 cm),United States,1.65,173.0
eusebio pedroza,41,6,1,51.0,Orthodox,66,5.68 ft (1.73 m),68.50 inches (174 cm),Panama,1.73,174.0
juan carlos payano,21,3,0,37.5,Southpaw,38,5.41 ft (1.65 m),64.57 inches (164 cm),Dominican Republic,1.65,164.0
kelly pavlik,40,2,0,81.0,Orthodox,40,6.20 ft (1.89 m),75.20 inches (191 cm),United States,1.89,191.0
floyd patterson,55,8,1,62.5,Orthodox,87,6.00 ft (1.83 m),70.87 inches (180 cm),United States,1.83,180.0
vic patrick,52,4,1,78.9,Southpaw,102,5.58 ft (1.70 m),68.11 inches (173 cm),Australia,1.7,173.0
willie pastrano,62,13,8,16.9,Orthodox,86,5.84 ft (1.78 m),72.05 inches (183 cm),United States,1.78,183.0
jean pascal,35,6,1,46.5,Orthodox,39,5.87 ft (1.79 m),72.05 inches (183 cm),Canada,1.79,183.0
vic pasillas,11,0,0,36.4,Southpaw,30,5.41 ft (1.65 m),64.96 inches (165 cm),United States,1.65,165.0
joseph parker,27,2,0,72.4,Orthodox,30,6.33 ft (1.93 m),75.98 inches (193 cm),New Zealand,1.93,193.0
ambrose palmer,57,7,2,34.8,Orthodox,110,5.87 ft (1.79 m),72.44 inches (184 cm),Australia,1.79,184.0
greg page,58,17,1,63.2,Orthodox,63,6.17 ft (1.88 m),81.10 inches (206 cm),United States,1.88,206.0
jorge paez,80,12,5,53.1,Orthodox,56,5.41 ft (1.65 m),68.11 inches (173 cm),Mexico,1.65,173.0
manny pacquiao,62,7,2,54.9,Southpaw,43,5.54 ft (1.69 m),66.93 inches (170 cm),Philippines,1.69,170.0
ken overlin,135,19,9,13.9,Orthodox,112,5.74 ft (1.75 m),70.08 inches (178 cm),United States,1.75,178.0
sven ottke,34,0,0,17.6,Orthodox,55,5.84 ft (1.78 m),68.90 inches (175 cm),Germany,1.78,175.0
Vergil Ortiz Jr,3,0,0,100.0,Orthodox,24,5.84 ft (1.78 m),70.08 inches (178 cm),United States,1.78,178.0
luis ortiz,31,2,0,72.2,Orthodox,43,6.33 ft (1.93 m),83.86 inches (213 cm),Cuba,1.93,213.0
manuel ortiz,100,28,3,41.2,Orthodox,106,5.35 ft (1.63 m),64.57 inches (164 cm),United States,1.63,164.0
pedro ortega,31,14,1,43.5,Orthodox,49,5.84 ft (1.78 m),74.02 inches (188 cm),Mexico,1.78,188.0
victor ortiz,30,6,3,59.0,Southpaw,35,5.74 ft (1.75 m),70.08 inches (178 cm),United States,1.75,178.0
antonio orozco,28,2,0,54.8,Orthodox,34,5.58 ft (1.70 m),70.08 inches (178 cm),Mexico,1.7,178.0
carlos ortiz,61,7,2,42.9,Orthodox,85,5.58 ft (1.70 m),70.08 inches (178 cm),Puerto Rico,1.7,178.0
thomas oosthuizen,28,3,2,48.5,Orthodox,34,6.33 ft (1.93 m),77.95 inches (198 cm),South Africa,1.93,198.0
bobo olson,97,16,2,40.0,Orthodox,94,5.87 ft (1.79 m),70.08 inches (178 cm),United States,1.79,178.0
ruben olivares,89,13,3,75.2,Orthodox,75,5.45 ft (1.66 m),66.93 inches (170 cm),Mexico,1.66,170.0
michael olajide,27,5,0,59.4,Orthodox,58,6.07 ft (1.85 m),77.17 inches (196 cm),Canada,1.85,196.0
michael nunn,58,4,0,59.7,Southpaw,59,6.07 ft (1.85 m),77.17 inches (196 cm),United States,1.85,196.0
terry norris,47,9,0,55.4,Orthodox,55,5.81 ft (1.77 m),68.50 inches (174 cm),United States,1.77,174.0
Hurshidbek Normatov,9,0,0,33.3,Southpaw,30,6.17 ft (1.88 m),75.20 inches (191 cm),Uzbekistan,1.88,191.0
brian nix,18,12,0,10.0,Orthodox,52,6.27 ft (1.91 m),77.17 inches (196 cm),United States,1.91,196.0
patrick nielsen,30,3,0,42.4,Southpaw,31,6.00 ft (1.83 m),72.83 inches (185 cm),Denmark,1.83,185.0
azumah nelson,39,6,2,59.6,Orthodox,64,5.41 ft (1.65 m),68.11 inches (173 cm),Ghana,1.65,173.0
johnny nelson,45,12,2,49.2,Southpaw,55,6.20 ft (1.89 m),81.10 inches (206 cm),United Kingdom,1.89,206.0
jose napoles,81,7,0,61.4,Orthodox,82,5.61 ft (1.71 m),72.05 inches (183 cm),Cuba,1.71,183.0
masayoshi nakatani,17,1,0,61.1,Orthodox,33,5.97 ft (1.82 m),70.87 inches (180 cm),Japan,1.82,180.0
elvir muriqi,40,7,0,51.1,Orthodox,43,5.87 ft (1.79 m),72.44 inches (184 cm),United States,1.79,184.0
anthony mundine,48,10,0,48.3,Orthodox,47,5.91 ft (1.80 m),70.08 inches (178 cm),Australia,1.8,178.0
eddie mustafa muhammad,51,8,1,66.7,Orthodox,70,6.00 ft (1.83 m),72.83 inches (185 cm),United States,1.83,185.0
matthew saad muhammad,49,16,3,51.5,Orthodox,68,5.91 ft (1.80 m),75.20 inches (191 cm),United States,1.8,191.0
denny moyer,97,38,4,17.9,Orthodox,83,5.71 ft (1.74 m),72.05 inches (183 cm),United States,1.74,183.0
shane mosley,49,10,1,67.2,Orthodox,50,5.71 ft (1.74 m),70.87 inches (180 cm),United States,1.74,180.0
erik morales,52,9,0,59.0,Orthodox,45,5.68 ft (1.73 m),72.05 inches (183 cm),Mexico,1.73,183.0
davey moore,59,7,1,44.1,Orthodox,88,5.22 ft (1.59 m),64.96 inches (165 cm),United States,1.59,165.0
carlos monzon,87,3,9,58.0,Orthodox,80,5.94 ft (1.81 m),75.98 inches (193 cm),Argentina,1.81,193.0
bob montgomery,75,19,3,38.1,Orthodox,103,5.61 ft (1.71 m),70.87 inches (180 cm),United States,1.71,180.0
pedro montanez,91,8,4,48.5,Orthodox,108,5.41 ft (1.65 m),68.11 inches (173 cm),Puerto Rico,1.65,173.0
willie monroe jr,24,3,0,22.2,Southpaw,35,5.84 ft (1.78 m),74.02 inches (188 cm),United States,1.78,188.0
eric molina,27,6,0,57.6,Orthodox,40,6.33 ft (1.93 m),77.95 inches (198 cm),United States,1.93,198.0
carlos molina,28,10,2,19.5,Orthodox,39,5.74 ft (1.75 m),70.08 inches (178 cm),Mexico,1.75,178.0
john molina,30,9,0,61.5,Orthodox,39,5.87 ft (1.79 m),70.87 inches (180 cm),United States,1.79,180.0
john john molina,52,7,0,55.9,Orthodox,57,5.58 ft (1.70 m),66.93 inches (170 cm),Puerto Rico,1.7,170.0
nadjib mohammedi,41,6,0,51.1,Orthodox,37,5.94 ft (1.81 m),70.47 inches (179 cm),France,1.81,179.0
billy miske,74,13,17,32.4,Orthodox,128,6.04 ft (1.84 m),75.98 inches (193 cm),United States,1.84,193.0
edison miranda,36,10,0,67.4,Orthodox,41,5.84 ft (1.78 m),77.56 inches (197 cm),Colombia,1.78,197.0
mauro mina,52,3,3,43.1,Orthodox,88,5.97 ft (1.82 m),74.02 inches (188 cm),Peru,1.82,188.0
freddie mills,76,18,6,54.0,Unknown,103,5.87 ft (1.79 m),72.05 inches (183 cm),United Kingdom,1.79,183.0
dariusz michalczewski,48,2,0,76.0,Orthodox,54,6.07 ft (1.85 m),70.08 inches (178 cm),Poland,1.85,178.0
aelio mesquita,19,5,0,70.8,Orthodox,31,5.68 ft (1.73 m),70.08 inches (178 cm),Brazil,1.73,178.0
argenis mendez,25,5,3,34.3,Orthodox,36,5.74 ft (1.75 m),70.87 inches (180 cm),Dominican Republic,1.75,180.0
kali meehan,42,6,0,66.7,Orthodox,52,6.43 ft (1.96 m),81.10 inches (206 cm),Australia,1.96,206.0
jimmy mclarnin,55,11,3,30.4,Orthodox,114,5.51 ft (1.68 m),66.93 inches (170 cm),Canada,1.68,170.0
thabiso mchunu,23,5,0,48.3,Southpaw,34,5.91 ft (1.80 m),72.44 inches (184 cm),South Africa,1.8,184.0
james mcgirt,73,6,1,60.0,Orthodox,58,5.54 ft (1.69 m),70.08 inches (178 cm),United States,1.69,178.0
packey mcfarland,106,1,6,44.2,Orthodox,133,5.58 ft (1.70 m),68.90 inches (175 cm),United States,1.7,175.0
al mccoy,116,31,20,27.5,Orthodox,109,5.91 ft (1.80 m),74.02 inches (188 cm),United States,1.8,188.0
jameel mccline,41,13,3,42.1,Orthodox,52,6.50 ft (1.98 m),81.89 inches (208 cm),United States,1.98,208.0
mike mccallum,49,5,1,65.5,Orthodox,65,5.97 ft (1.82 m),74.41 inches (189 cm),Jamaica,1.82,189.0
kevin mcbride,35,10,1,63.0,Orthodox,49,6.50 ft (1.98 m),79.92 inches (203 cm),Ireland,1.98,203.0
floyd mayweather jr,50,0,0,52.9,Orthodox,45,5.68 ft (1.73 m),72.05 inches (183 cm),United States,1.73,183.0
sandro mazzinghi,64,3,0,60.9,Orthodox,83,5.68 ft (1.73 m),72.44 inches (184 cm),Italy,1.73,184.0
bernard mays,26,1,1,53.6,Orthodox,62,5.84 ft (1.78 m),70.08 inches (178 cm),United States,1.78,178.0
joey maxim,82,29,4,18.3,Orthodox,100,6.07 ft (1.85 m),71.65 inches (182 cm),United States,1.85,182.0
tami mauriello,82,13,1,62.5,Orthodox,98,5.97 ft (1.82 m),72.83 inches (185 cm),United States,1.82,185.0
rocky mattioli,64,7,2,69.9,Orthodox,68,5.54 ft (1.69 m),66.93 inches (170 cm),Italy,1.69,170.0
lucas martin matthysse,39,5,0,80.0,Orthodox,39,5.54 ft (1.69 m),68.90 inches (175 cm),Argentina,1.69,175.0
Subriel Matias,15,0,0,100.0,Orthodox,30,5.68 ft (1.73 m),71.65 inches (182 cm),Puerto Rico,1.73,182.0
buster mathis,30,4,0,61.8,Orthodox,79,6.27 ft (1.91 m),75.98 inches (193 cm),United States,1.91,193.0
oleg maskaev,39,7,0,60.9,Orthodox,53,6.27 ft (1.91 m),79.13 inches (201 cm),Russian Federation,1.91,201.0
vanes martirosyan,36,4,1,51.2,Orthodox,36,6.00 ft (1.83 m),72.83 inches (185 cm),United States,1.83,185.0
maselino masoe,30,6,0,77.8,Orthodox,56,5.68 ft (1.73 m),68.11 inches (173 cm),New Zealand,1.73,173.0
sergio gabriel martinez,52,3,2,50.9,Southpaw,47,5.84 ft (1.78 m),72.83 inches (185 cm),Argentina,1.78,185.0
vince martinez,69,8,0,46.8,Orthodox,93,5.74 ft (1.75 m),69.69 inches (177 cm),United States,1.75,177.0
lloyd marshall,70,25,4,36.4,Orthodox,108,5.84 ft (1.78 m),74.41 inches (189 cm),United States,1.78,189.0
juan manuel marquez,56,7,1,62.5,Orthodox,48,5.58 ft (1.70 m),66.93 inches (170 cm),Mexico,1.7,170.0
miguel marriaga,29,4,0,73.5,Orthodox,35,5.68 ft (1.73 m),66.93 inches (170 cm),Colombia,1.73,170.0
rafael marquez,41,9,0,74.0,Orthodox,47,5.45 ft (1.66 m),68.11 inches (173 cm),Mexico,1.66,173.0
antonio margarito,40,8,0,54.0,Orthodox,44,5.91 ft (1.80 m),72.83 inches (185 cm),Mexico,1.8,185.0
abner mares,31,3,1,42.9,Orthodox,36,5.38 ft (1.64 m),66.14 inches (168 cm),Mexico,1.64,168.0
rocky marciano,49,0,0,87.8,Orthodox,98,5.87 ft (1.79 m),68.11 inches (173 cm),United States,1.79,173.0
ernesto marcel,40,4,2,50.0,Orthodox,74,5.51 ft (1.68 m),68.11 inches (173 cm),Panama,1.68,173.0
sammy mandell,146,26,17,16.8,Orthodox,118,5.58 ft (1.70 m),66.93 inches (170 cm),United States,1.7,170.0
jim maloney,4,9,2,20.0,Orthodox,55,5.41 ft (1.65 m),66.93 inches (170 cm),United States,1.65,170.0
marcos rene maidana,35,5,0,77.5,Orthodox,39,5.58 ft (1.70 m),68.90 inches (175 cm),Argentina,1.7,175.0
jessie magdaleno,27,1,0,62.1,Orthodox,30,5.35 ft (1.63 m),66.14 inches (168 cm),United States,1.63,168.0
diego magdaleno,31,3,0,38.2,Southpaw,35,5.51 ft (1.68 m),68.90 inches (175 cm),United States,1.68,175.0
yusaf mack,31,8,2,41.5,Orthodox,42,6.07 ft (1.85 m),75.20 inches (191 cm),United States,1.85,191.0
eddie machen,50,11,3,45.3,Orthodox,90,6.00 ft (1.83 m),75.20 inches (191 cm),United States,1.83,191.0
alberto machado,21,2,0,73.9,Unknown,41,5.84 ft (1.78 m),72.05 inches (183 cm),Puerto Rico,1.78,183.0
enzo maccarinelli,41,8,0,67.3,Orthodox,42,6.33 ft (1.93 m),74.41 inches (189 cm),United Kingdom,1.93,189.0
erickson lubin,22,1,0,66.7,Southpaw,26,5.91 ft (1.80 m),75.98 inches (193 cm),United States,1.8,193.0
joe louis,66,3,0,75.4,Orthodox,108,6.17 ft (1.88 m),75.98 inches (193 cm),United States,1.88,193.0
tommy loughran,121,32,15,8.3,Orthodox,119,5.97 ft (1.82 m),72.83 inches (185 cm),United States,1.82,185.0
Teofimo Lopez,15,0,0,68.8,Unknown,25,5.68 ft (1.73 m),68.50 inches (174 cm),Unknown,1.73,174.0
yaqui lopez,61,15,0,51.3,Orthodox,71,6.17 ft (1.88 m),75.20 inches (191 cm),Mexico,1.88,191.0
ricardo lopez,51,0,1,73.1,Orthodox,56,5.41 ft (1.65 m),64.96 inches (165 cm),Mexico,1.65,165.0
josesito lopez,37,8,0,42.6,Orthodox,38,5.81 ft (1.77 m),68.90 inches (175 cm),United States,1.77,175.0
jose luis lopez,51,5,2,67.2,Orthodox,49,5.68 ft (1.73 m),70.08 inches (178 cm),Mexico,1.73,178.0
duilio loi,115,3,8,20.6,Orthodox,93,5.38 ft (1.64 m),68.90 inches (175 cm),Italy,1.64,175.0
vasyl lomachenko,14,2,0,62.5,Southpaw,34,5.51 ft (1.68 m),65.35 inches (166 cm),Ukraine,1.68,166.0
sonny liston,50,4,0,72.2,Orthodox,92,6.04 ft (1.84 m),83.86 inches (213 cm),United States,1.84,213.0
jorge linares,46,5,0,56.9,Orthodox,37,5.71 ft (1.74 m),69.29 inches (176 cm),"Venezuela, Bolivarian Republic of",1.74,176.0
lennox lewis,41,2,1,72.7,Orthodox,56,6.43 ft (1.96 m),83.86 inches (213 cm),United Kingdom,1.96,213.0
john henry lewis,97,10,4,51.4,Orthodox,108,5.91 ft (1.80 m),75.59 inches (192 cm),United States,1.8,192.0
ted kid lewis,232,45,25,26.2,Unknown,128,5.61 ft (1.71 m),68.90 inches (175 cm),United Kingdom,1.71,175.0
sugar ray leonard,36,3,1,62.5,Orthodox,66,5.84 ft (1.78 m),74.02 inches (188 cm),United States,1.78,188.0
benny leonard,185,22,12,32.0,Orthodox,126,5.41 ft (1.65 m),68.90 inches (175 cm),United States,1.65,175.0
david lemieux,41,4,0,72.3,Orthodox,33,5.81 ft (1.77 m),70.08 inches (178 cm),Canada,1.77,178.0
scott ledoux,33,13,4,44.0,Orthodox,73,6.14 ft (1.87 m),79.92 inches (203 cm),United States,1.87,203.0
jose legra,133,11,4,33.8,Orthodox,79,5.68 ft (1.73 m),62.99 inches (160 cm),Cuba,1.73,160.0
erislandy lara,26,3,3,46.9,Southpaw,39,5.74 ft (1.75 m),75.20 inches (191 cm),Cuba,1.75,191.0
tippy larkin,137,15,1,39.0,Orthodox,104,5.58 ft (1.70 m),70.87 inches (180 cm),United States,1.7,180.0
jake lamotta,83,19,4,28.3,Orthodox,101,5.68 ft (1.73 m),66.93 inches (170 cm),United States,1.73,170.0
ismael laguna,65,9,1,49.3,Orthodox,79,5.74 ft (1.75 m),68.11 inches (173 cm),Panama,1.75,173.0
fred ladd,45,11,0,58.9,Orthodox,50,5.91 ft (1.80 m),70.87 inches (180 cm),United States,1.8,180.0
fidel labarba,73,15,7,16.8,Orthodox,116,5.25 ft (1.60 m),66.14 inches (168 cm),United States,1.6,168.0
Sergey Kuzmin,15,1,0,57.9,Unknown,35,6.33 ft (1.93 m),75.59 inches (192 cm),Russian Federation,1.93,192.0
solly krieger,82,25,6,47.8,Orthodox,113,5.68 ft (1.73 m),68.11 inches (173 cm),United States,1.73,173.0
robin krasniqi,49,6,0,30.9,Orthodox,35,6.10 ft (1.86 m),74.02 inches (188 cm),Germany,1.86,188.0
sergey kovalev,34,4,1,72.5,Orthodox,39,6.00 ft (1.83 m),72.44 inches (184 cm),Russian Federation,1.83,184.0
matt korobov,28,3,1,43.8,Southpaw,39,5.91 ft (1.80 m),70.47 inches (179 cm),Russian Federation,1.8,179.0
kohei kono,33,11,1,28.3,Orthodox,41,5.45 ft (1.66 m),66.93 inches (170 cm),Japan,1.66,170.0
wladimir klitschko,64,5,0,76.8,Orthodox,46,6.50 ft (1.98 m),81.10 inches (206 cm),Ukraine,1.98,206.0
arthur king,63,13,0,26.3,Orthodox,95,5.61 ft (1.71 m),68.90 inches (175 cm),Canada,1.71,175.0
ievgen khytrov,19,2,0,76.2,Orthodox,34,5.91 ft (1.80 m),64.96 inches (165 cm),United States,1.8,165.0
Vitali Klitschko,45,2,0,87.2,Orthodox,51,6.59 ft (2.01 m),79.13 inches (201 cm),Ukraine,2.01,201.0
amir khan,34,5,0,53.8,Orthodox,35,5.71 ft (1.74 m),70.87 inches (180 cm),United Kingdom,1.74,180.0
mikkel kessler,46,3,0,71.4,Orthodox,43,6.07 ft (1.85 m),74.02 inches (188 cm),Denmark,1.85,188.0
egidijus kavaliauskas,22,1,1,75.0,Orthodox,34,5.74 ft (1.75 m),70.87 inches (180 cm),Lithuania,1.75,180.0
tomoki kameda,36,3,0,51.3,Orthodox,31,5.58 ft (1.70 m),66.14 inches (168 cm),Japan,1.7,168.0
louis 'kid' kaplan,121,23,20,17.0,Orthodox,120,5.15 ft (1.57 m),62.60 inches (159 cm),United States,1.57,159.0
sumbu kalambay,57,6,1,51.6,Orthodox,66,5.74 ft (1.75 m),72.05 inches (183 cm),Italy,1.75,183.0
ayub kalule,46,4,0,46.0,Southpaw,68,5.68 ft (1.73 m),72.83 inches (185 cm),Uganda,1.73,185.0
zab judah,42,10,0,53.7,Southpaw,44,5.61 ft (1.71 m),72.05 inches (183 cm),United States,1.71,183.0
anthony joshua,24,1,0,88.0,Orthodox,32,6.50 ft (1.98 m),82.01 inches (208.3 cm),United Kingdom,1.98,208.3
roy jones jr.,66,9,0,61.8,Orthodox,53,5.91 ft (1.80 m),74.02 inches (188 cm),United States,1.8,188.0
tureano johnson,21,2,1,60.0,Orthodox,38,5.84 ft (1.78 m),73.62 inches (187 cm),Bahamas,1.78,187.0
stevie johnston,42,6,1,36.7,Southpaw,49,5.38 ft (1.64 m),68.50 inches (174 cm),United States,1.64,174.0
harold johnson,76,11,0,36.8,Orthodox,94,5.84 ft (1.78 m),74.02 inches (188 cm),United States,1.78,188.0
dujuan johnson,21,3,0,70.8,Orthodox,61,5.71 ft (1.74 m),72.05 inches (183 cm),United States,1.74,183.0
glen johnson,54,20,2,48.7,Orthodox,53,5.74 ft (1.75 m),75.20 inches (191 cm),Jamaica,1.75,191.0
chris john,49,1,3,43.4,Orthodox,42,5.54 ft (1.69 m),68.90 inches (175 cm),Indonesia,1.69,175.0
ingemar johansson,26,2,0,60.7,Orthodox,89,6.04 ft (1.84 m),72.05 inches (183 cm),Sweden,1.84,183.0
eder jofre,72,2,4,64.1,Orthodox,86,5.35 ft (1.63 m),66.14 inches (168 cm),Brazil,1.63,168.0
bryant jennings,24,3,0,51.9,Orthodox,37,6.27 ft (1.91 m),83.86 inches (213 cm),United States,1.91,213.0
ben jeby,54,14,4,30.1,Orthodox,112,5.84 ft (1.78 m),70.08 inches (178 cm),United States,1.78,178.0
izzy jannazzo,65,46,15,6.3,Orthodox,107,5.71 ft (1.74 m),71.65 inches (182 cm),United States,1.74,182.0
phil jackson,44,13,0,65.5,Orthodox,58,6.07 ft (1.85 m),79.13 inches (201 cm),United States,1.85,201.0
daniel jacobs,36,3,0,75.0,Orthodox,35,6.07 ft (1.85 m),72.83 inches (185 cm),United States,1.85,185.0
beau jack,89,24,6,36.1,Orthodox,101,5.51 ft (1.68 m),68.50 inches (174 cm),United States,1.68,174.0
badou jack,22,3,3,44.8,Orthodox,38,6.07 ft (1.85 m),75.98 inches (193 cm),Sweden,1.85,193.0
david izon,27,6,0,69.7,Orthodox,54,6.27 ft (1.91 m),83.07 inches (211 cm),Nigeria,1.91,211.0
ryosuke iwasa,27,3,0,54.8,Southpaw,32,5.58 ft (1.70 m),70.47 inches (179 cm),Japan,1.7,179.0
julian jackson,55,6,0,80.3,Orthodox,61,5.97 ft (1.82 m),72.83 inches (185 cm),"Virgin Islands, U.S.",1.82,185.0
paul ingle,23,2,0,64.0,Orthodox,50,5.41 ft (1.65 m),66.93 inches (170 cm),United Kingdom,1.65,170.0
naoya inoue,20,0,0,85.0,Orthodox,29,5.35 ft (1.63 m),66.93 inches (170 cm),Japan,1.63,170.0
charles humez,94,7,1,45.6,Orthodox,95,5.74 ft (1.75 m),70.87 inches (180 cm),France,1.75,180.0
ace hudkins,68,20,13,24.5,Unknown,116,5.71 ft (1.74 m),68.11 inches (173 cm),United States,1.74,173.0
caleb hunter plant,21,0,0,52.4,Orthodox,30,6.07 ft (1.85 m),74.02 inches (188 cm),United States,1.85,188.0
azat hovhannisyan,18,3,0,71.4,Orthodox,34,5.48 ft (1.67 m),66.54 inches (169 cm),Armenia,1.67,169.0
jeff horn,20,2,1,54.2,Orthodox,34,5.74 ft (1.75 m),68.11 inches (173 cm),Australia,1.75,173.0
eddie hopson,30,2,0,43.8,Southpaw,51,5.35 ft (1.63 m),61.81 inches (157 cm),United States,1.63,157.0
lloyd honeyghan,43,5,0,62.5,Orthodox,62,5.68 ft (1.73 m),68.90 inches (175 cm),United Kingdom,1.73,175.0
bernard hopkins,55,8,2,47.8,Orthodox,57,6.07 ft (1.85 m),75.20 inches (191 cm),United States,1.85,191.0
evander holyfield,44,10,2,50.9,Orthodox,59,6.20 ft (1.89 m),77.95 inches (198 cm),United States,1.89,198.0
larry holmes,69,6,0,58.7,Orthodox,72,6.23 ft (1.90 m),81.10 inches (206 cm),United States,1.9,206.0
keith holmes,41,5,0,54.3,Southpaw,53,6.17 ft (1.88 m),77.95 inches (198 cm),United States,1.88,198.0
dennis hogan,28,3,1,21.9,Orthodox,37,5.68 ft (1.73 m),71.65 inches (182 cm),Australia,1.73,182.0
hiroyuki hisataka,23,17,2,23.8,Orthodox,37,5.38 ft (1.64 m),63.78 inches (162 cm),Japan,1.64,162.0
virgil hill,50,7,0,40.4,Orthodox,58,6.04 ft (1.84 m),77.17 inches (196 cm),United States,1.84,196.0
jamel herring,21,2,0,38.5,Unknown,36,5.84 ft (1.78 m),68.90 inches (175 cm),United States,1.78,175.0
freddy hernandez,31,9,0,48.8,Orthodox,43,5.84 ft (1.78 m),74.02 inches (188 cm),Mexico,1.78,188.0
genaro hernandez,38,2,1,41.5,Orthodox,56,5.91 ft (1.80 m),72.05 inches (183 cm),United States,1.8,183.0
robert helenius,30,3,0,57.6,Orthodox,38,6.56 ft (2.00 m),79.13 inches (201 cm),Finland,2.0,201.0
thomas hearns,61,5,1,71.6,Orthodox,63,6.07 ft (1.85 m),77.95 inches (198 cm),United States,1.85,198.0
david haye,28,4,0,81.3,Orthodox,41,6.27 ft (1.91 m),77.95 inches (198 cm),United Kingdom,1.91,198.0
len harvey,116,14,10,39.3,Unknown,115,6.00 ft (1.83 m),73.62 inches (187 cm),United Kingdom,1.83,187.0
ricky hatton,45,3,0,66.7,Orthodox,43,5.61 ft (1.71 m),64.96 inches (165 cm),United Kingdom,1.71,165.0
henry hank,62,31,4,41.2,Orthodox,87,5.84 ft (1.78 m),75.20 inches (191 cm),United States,1.78,191.0
naseem hamed,36,1,0,83.8,Southpaw,48,5.38 ft (1.64 m),64.17 inches (163 cm),United Kingdom,1.64,163.0
richard hall,30,14,0,63.6,Southpaw,50,6.27 ft (1.91 m),77.56 inches (197 cm),Jamaica,1.91,197.0
marvin hagler,62,3,2,77.6,Southpaw,68,5.81 ft (1.77 m),75.20 inches (191 cm),United States,1.77,191.0
oleksandr gvozdyk,17,1,0,77.8,Unknown,35,6.17 ft (1.88 m),75.59 inches (192 cm),Ukraine,1.88,192.0
stefan haertel,18,1,0,10.5,Orthodox,34,6.04 ft (1.84 m),74.02 inches (188 cm),Germany,1.84,188.0
art hafey,53,8,4,55.4,Orthodox,71,5.15 ft (1.57 m),62.99 inches (160 cm),Canada,1.57,160.0
andres gutierrez,39,2,1,59.1,Orthodox,29,5.51 ft (1.68 m),66.93 inches (170 cm),Mexico,1.68,170.0
robert guerrero,36,6,1,44.4,Southpaw,39,5.68 ft (1.73 m),70.08 inches (178 cm),United States,1.73,178.0
george groves,28,4,0,62.5,Orthodox,34,5.97 ft (1.82 m),72.05 inches (183 cm),United Kingdom,1.82,183.0
crawford grimsley,22,4,1,74.1,Orthodox,55,6.17 ft (1.88 m),77.17 inches (196 cm),United States,1.88,196.0
sherman griffin,17,7,0,52.0,Orthodox,59,6.27 ft (1.91 m),77.95 inches (198 cm),United States,1.91,198.0
montell griffin,50,8,1,50.8,Orthodox,52,5.58 ft (1.70 m),70.08 inches (178 cm),United States,1.7,178.0
harry greb,262,17,18,16.1,Orthodox,128,5.68 ft (1.73 m),70.87 inches (180 cm),United States,1.73,180.0
mitch green,19,6,1,44.4,Orthodox,65,6.43 ft (1.96 m),81.89 inches (208 cm),United States,1.96,208.0
rocky graziano,67,10,6,62.7,Orthodox,103,5.58 ft (1.70 m),68.50 inches (174 cm),United States,1.7,174.0
emile griffith,85,24,2,20.5,Orthodox,84,5.61 ft (1.71 m),72.05 inches (183 cm),"Virgin Islands, U.S.",1.71,183.0
michael grant,48,6,0,66.7,Orthodox,50,6.59 ft (2.01 m),85.83 inches (218 cm),United States,2.01,218.0
adrian granados,20,8,2,45.2,Orthodox,33,5.74 ft (1.75 m),74.02 inches (188 cm),Mexico,1.75,188.0
herol graham,48,6,0,51.9,Southpaw,62,5.97 ft (1.82 m),77.17 inches (196 cm),United Kingdom,1.82,196.0
jhonny gonzalez,68,11,0,69.6,Orthodox,40,5.54 ft (1.69 m),68.90 inches (175 cm),Mexico,1.69,175.0
miguel angel gonzalez,51,5,1,70.2,Orthodox,51,5.71 ft (1.74 m),68.11 inches (173 cm),Mexico,1.74,173.0
roman gonzalez,49,2,0,77.4,Orthodox,35,5.25 ft (1.60 m),64.17 inches (163 cm),Nicaragua,1.6,163.0
roberto gonzales,24,3,0,55.6,Orthodox,31,5.51 ft (1.68 m),61.81 inches (157 cm),Philippines,1.68,157.0
juan carlos gomez,55,4,0,66.7,Southpaw,49,6.30 ft (1.92 m),80.32 inches (204 cm),Cuba,1.92,204.0
gennady golovkin,41,1,1,83.7,Orthodox,40,5.87 ft (1.79 m),70.08 inches (178 cm),Kazakhstan,1.79,178.0
mike gibbons,113,11,8,28.6,Orthodox,135,5.74 ft (1.75 m),72.05 inches (183 cm),United States,1.75,183.0
tommy gibbons,95,5,5,45.3,Orthodox,131,6.04 ft (1.84 m),74.02 inches (188 cm),United States,1.84,188.0
noel gevor,24,2,0,38.5,Orthodox,31,6.20 ft (1.89 m),75.20 inches (191 cm),Germany,1.89,191.0
kid gavilan,108,30,5,19.6,Orthodox,96,5.87 ft (1.79 m),70.87 inches (180 cm),Cuba,1.79,180.0
jason gavern,27,21,4,23.1,Orthodox,45,6.17 ft (1.88 m),75.98 inches (193 cm),United States,1.88,193.0
terrell gausha,21,1,1,41.7,Orthodox,34,5.84 ft (1.78 m),73.62 inches (187 cm),United States,1.78,187.0
arturo gatti,40,9,0,63.3,Orthodox,50,5.61 ft (1.71 m),70.08 inches (178 cm),Canada,1.71,178.0
ceferino garcia,118,30,14,45.7,Orthodox,115,5.51 ft (1.68 m),70.08 inches (178 cm),Philippines,1.68,178.0
mikey garcia,40,1,0,73.2,Orthodox,34,5.51 ft (1.68 m),68.11 inches (173 cm),United States,1.68,173.0
danny garcia,36,2,0,53.8,Orthodox,34,5.71 ft (1.74 m),68.50 inches (174 cm),United States,1.74,174.0
yuriorkis gamboa,30,3,0,52.9,Orthodox,40,5.45 ft (1.66 m),64.96 inches (165 cm),Cuba,1.66,165.0
victor galindez,55,9,4,48.6,Orthodox,73,5.81 ft (1.77 m),72.44 inches (184 cm),Argentina,1.77,184.0
tyson fury,30,0,1,65.6,Orthodox,34,6.76 ft (2.06 m),85.04 inches (216 cm),United Kingdom,2.06,216.0
gene fullmer,55,6,3,37.5,Orthodox,91,5.68 ft (1.73 m),68.90 inches (175 cm),United States,1.73,175.0
sammy fuller,55,18,3,28.9,Orthodox,116,5.28 ft (1.61 m),61.81 inches (157 cm),United States,1.61,157.0
vitor jones freitas,17,5,1,43.5,Orthodox,29,5.64 ft (1.72 m),68.50 inches (174 cm),Brazil,1.72,174.0
acelino freitas,39,2,0,80.5,Orthodox,46,5.51 ft (1.68 m),66.93 inches (170 cm),Brazil,1.68,170.0
joe frazier,32,4,1,73.0,Orthodox,78,5.97 ft (1.82 m),72.83 inches (185 cm),United States,1.82,185.0
tommy freeman,181,20,22,37.2,Orthodox,118,5.61 ft (1.71 m),70.08 inches (178 cm),United States,1.71,178.0
Jermaine Franklin,20,0,0,65.0,Orthodox,28,6.17 ft (1.88 m),77.17 inches (196 cm),United States,1.88,196.0
stacy frazier,16,17,0,45.5,Orthodox,51,6.43 ft (1.96 m),83.07 inches (211 cm),United States,1.96,211.0
carl frampton,27,2,0,50.0,Orthodox,35,5.41 ft (1.65 m),61.81 inches (157 cm),United Kingdom,1.65,157.0
Joshua Franco,15,1,2,33.3,Orthodox,26,5.41 ft (1.65 m),66.93 inches (170 cm),United States,1.65,170.0
tiger jack fox,139,23,12,49.7,Orthodox,115,5.97 ft (1.82 m),75.20 inches (191 cm),United States,1.82,191.0
drian francisco,28,6,1,62.9,Orthodox,39,5.41 ft (1.65 m),64.96 inches (165 cm),Philippines,1.65,165.0
bob foster,56,8,1,70.8,Orthodox,84,6.27 ft (1.91 m),79.13 inches (201 cm),United States,1.91,201.0
carl froch,33,2,0,68.6,Orthodox,45,6.07 ft (1.85 m),75.20 inches (191 cm),United Kingdom,1.85,191.0
javier fortuna,36,2,1,61.0,Southpaw,33,5.54 ft (1.69 m),68.50 inches (174 cm),Dominican Republic,1.69,174.0
george foreman,76,5,0,84.0,Orthodox,73,6.30 ft (1.92 m),78.35 inches (199 cm),United States,1.92,199.0
vernon forrest,41,3,0,64.4,Orthodox,51,6.00 ft (1.83 m),72.83 inches (185 cm),United States,1.83,185.0
tiger flowers,134,17,8,34.0,Southpaw,129,5.84 ft (1.78 m),75.98 inches (193 cm),United States,1.78,193.0
zora folley,79,11,6,45.8,Orthodox,91,6.07 ft (1.85 m),77.17 inches (196 cm),United States,1.85,196.0
bj flores,32,4,1,54.1,Orthodox,43,6.17 ft (1.88 m),79.92 inches (203 cm),United States,1.88,203.0
omar figueroa,28,1,1,63.3,Orthodox,32,5.61 ft (1.71 m),72.83 inches (185 cm),United States,1.71,185.0
jackie fields,74,9,2,36.0,Orthodox,114,5.61 ft (1.71 m),68.90 inches (175 cm),United States,1.71,175.0
tevin farmer,30,5,1,16.2,Southpaw,32,5.51 ft (1.68 m),68.90 inches (175 cm),United States,1.68,175.0
esquiva falcao,27,0,0,66.7,Southpaw,32,5.84 ft (1.78 m),72.83 inches (185 cm),Brazil,1.78,185.0
chris eubank jr,29,2,0,71.0,Orthodox,32,5.91 ft (1.80 m),72.44 inches (184 cm),United Kingdom,1.8,184.0
juan francisco estrada,41,3,0,62.2,Orthodox,32,5.35 ft (1.63 m),66.14 inches (168 cm),Mexico,1.63,168.0
chris eubank,46,5,2,43.4,Orthodox,56,5.84 ft (1.78 m),72.83 inches (185 cm),United Kingdom,1.78,185.0
Jaron Ennis,25,0,0,88.5,Orthodox,25,5.84 ft (1.78 m),74.02 inches (188 cm),United States,1.78,188.0
flash elorde,89,27,2,28.0,Southpaw,87,5.48 ft (1.67 m),68.11 inches (173 cm),Philippines,1.67,173.0
davi eliasquevici,13,8,1,45.5,Orthodox,33,5.74 ft (1.75 m),69.29 inches (176 cm),Brazil,1.75,176.0
robert easter jr.,22,1,1,58.3,Unknown,31,5.91 ft (1.80 m),75.98 inches (193 cm),United States,1.8,193.0
roberto duran,103,16,0,58.8,Orthodox,71,5.58 ft (1.70 m),66.14 inches (168 cm),Panama,1.7,168.0
serhiy dzinziruk,37,2,1,60.0,Southpaw,46,6.00 ft (1.83 m),68.11 inches (173 cm),Ukraine,1.83,173.0
olanrewaju durodola,31,7,0,74.4,Orthodox,41,6.17 ft (1.88 m),77.56 inches (197 cm),Nigeria,1.88,197.0
ralph dupas,106,23,6,14.1,Orthodox,86,5.68 ft (1.73 m),68.11 inches (173 cm),United States,1.73,173.0
colin dunne,38,3,0,63.4,Orthodox,51,5.54 ft (1.69 m),68.11 inches (173 cm),United Kingdom,1.69,173.0
vince dundee,122,21,14,18.4,Orthodox,114,5.68 ft (1.73 m),70.87 inches (180 cm),United States,1.73,180.0
thomas dulorme,25,4,1,51.6,Orthodox,32,5.84 ft (1.78 m),70.08 inches (178 cm),Puerto Rico,1.78,178.0
terry downes,35,9,0,63.6,Orthodox,86,5.74 ft (1.75 m),68.90 inches (175 cm),United Kingdom,1.75,175.0
yunier dorticos,24,1,0,84.6,Orthodox,36,6.27 ft (1.91 m),79.92 inches (203 cm),Cuba,1.91,203.0
nonito donaire,40,6,0,54.2,Orthodox,39,5.45 ft (1.66 m),68.11 inches (173 cm),Philippines,1.66,173.0
tj doheny,22,1,0,69.6,Southpaw,35,5.51 ft (1.68 m),66.14 inches (168 cm),Australia,1.68,168.0
scott dixon,37,10,4,17.6,Orthodox,45,6.00 ft (1.83 m),75.98 inches (193 cm),United Kingdom,1.83,193.0
isaac dogboe,19,2,0,61.9,Orthodox,27,5.15 ft (1.57 m),66.14 inches (168 cm),Ghana,1.57,168.0
andre dirrell,26,3,0,55.2,Orthodox,38,6.07 ft (1.85 m),75.20 inches (191 cm),United States,1.85,191.0
anthony dirrell,33,2,1,66.7,Orthodox,37,6.04 ft (1.84 m),74.41 inches (189 cm),United States,1.84,189.0
christopher diaz,26,2,0,55.2,Orthodox,27,5.51 ft (1.68 m),64.17 inches (163 cm),Puerto Rico,1.68,163.0
juan diaz,41,4,0,44.4,Orthodox,38,5.51 ft (1.68 m),66.93 inches (170 cm),United States,1.68,170.0
joseph diaz,31,1,0,45.5,Southpaw,29,5.51 ft (1.68 m),64.17 inches (163 cm),United States,1.68,163.0
jack dempsey,59,6,11,59.2,Orthodox,127,6.07 ft (1.85 m),77.17 inches (196 cm),United States,1.85,196.0
sergiy derevyanchenko,13,2,0,66.7,Orthodox,36,5.58 ft (1.70 m),67.32 inches (171 cm),United States,1.7,171.0
paddy demarco,75,26,3,7.7,Orthodox,94,5.51 ft (1.68 m),70.08 inches (178 cm),United States,1.68,178.0
antonio demarco,33,8,1,57.1,Southpaw,36,5.84 ft (1.78 m),70.87 inches (180 cm),Mexico,1.78,180.0
justin deloach,17,4,0,36.4,Unknown,28,6.07 ft (1.85 m),72.05 inches (183 cm),United States,1.85,183.0
diego de la hoya,22,1,0,41.7,Orthodox,28,5.51 ft (1.68 m),68.11 inches (173 cm),Mexico,1.68,173.0
esteban de jesus,58,5,0,52.4,Orthodox,71,5.38 ft (1.64 m),66.93 inches (170 cm),Puerto Rico,1.64,170.0
freddie dawson,102,14,5,38.8,Orthodox,98,5.51 ft (1.68 m),68.50 inches (174 cm),United States,1.68,174.0
chad dawson,35,5,0,45.2,Southpaw,40,6.07 ft (1.85 m),76.38 inches (194 cm),United States,1.85,194.0
oscar de la hoya,39,6,0,66.7,Orthodox,49,5.87 ft (1.79 m),72.83 inches (185 cm),United States,1.79,185.0
les darcy,46,4,0,58.0,Orthodox,126,5.51 ft (1.68 m),70.87 inches (180 cm),Australia,1.68,180.0
jack culcay,29,4,0,39.4,Orthodox,36,5.58 ft (1.70 m),64.96 inches (165 cm),Germany,1.7,165.0
donald curry,34,6,0,62.5,Orthodox,60,5.81 ft (1.77 m),72.05 inches (183 cm),United States,1.77,183.0
steve cunningham,28,9,0,35.1,Orthodox,46,6.23 ft (1.90 m),81.89 inches (208 cm),United States,1.9,208.0
alfredo cuevas,26,10,1,45.9,Orthodox,52,5.74 ft (1.75 m),70.87 inches (180 cm),United States,1.75,180.0
pipino cuevas,35,15,0,62.0,Orthodox,64,5.68 ft (1.73 m),70.08 inches (178 cm),Mexico,1.73,178.0
jesus marcelo andres cuellar,29,4,0,66.7,Southpaw,35,5.41 ft (1.65 m),70.87 inches (180 cm),Argentina,1.65,180.0
terence crawford,37,0,0,75.7,Orthodox,34,5.68 ft (1.73 m),70.08 inches (178 cm),United States,1.73,178.0
anthony crolla,35,7,3,28.9,Orthodox,35,5.71 ft (1.74 m),66.93 inches (170 cm),United Kingdom,1.74,170.0
miguel cotto,41,6,0,70.2,Orthodox,41,5.58 ft (1.70 m),66.93 inches (170 cm),Puerto Rico,1.7,170.0
jezreel corrales,22,2,0,32.0,Orthodox,31,5.51 ft (1.68 m),66.93 inches (170 cm),Panama,1.68,170.0
diego corrales,40,5,0,73.3,Orthodox,44,5.87 ft (1.79 m),70.08 inches (178 cm),United States,1.79,178.0
marvin cordova jr,21,2,1,45.8,Orthodox,37,5.74 ft (1.75 m),70.08 inches (178 cm),United States,1.75,178.0
billy conn,64,11,1,19.7,Orthodox,104,6.14 ft (1.87 m),72.44 inches (184 cm),United States,1.87,184.0
steve collins,36,3,0,53.8,Orthodox,58,6.00 ft (1.83 m),70.87 inches (180 cm),Ireland,1.83,180.0
derrell coley,39,2,2,61.4,Orthodox,52,5.91 ft (1.80 m),75.20 inches (191 cm),United States,1.8,191.0
luis collazo,39,8,0,42.6,Southpaw,41,5.74 ft (1.75 m),72.05 inches (183 cm),United States,1.75,183.0
curtis cokes,62,14,4,37.5,Orthodox,85,5.68 ft (1.73 m),72.83 inches (185 cm),United States,1.73,185.0
gerrie coetzee,33,6,1,52.5,Orthodox,67,6.20 ft (1.89 m),81.10 inches (206 cm),South Africa,1.89,206.0
jerome coffee,36,13,1,40.0,Orthodox,64,5.54 ft (1.69 m),66.14 inches (168 cm),United States,1.69,168.0
justin clements,33,16,2,21.6,Orthodox,50,6.10 ft (1.86 m),72.83 inches (185 cm),Australia,1.86,185.0
fedor chudinov,21,3,0,58.3,Orthodox,34,5.81 ft (1.77 m),72.05 inches (183 cm),Russian Federation,1.77,183.0
isaac chilemba,26,7,2,28.6,Orthodox,35,6.07 ft (1.85 m),72.83 inches (185 cm),Malawi,1.85,185.0
anton christoforidis,54,15,8,16.9,Orthodox,105,5.68 ft (1.73 m),72.05 inches (183 cm),Greece,1.73,183.0
kid chocolate,136,10,6,33.6,Orthodox,112,5.51 ft (1.68 m),64.96 inches (165 cm),Cuba,1.68,165.0
dereck chisora,32,10,0,54.8,Orthodox,38,6.14 ft (1.87 m),74.02 inches (188 cm),United Kingdom,1.87,188.0
julio cesar chavez jr,51,4,1,58.9,Orthodox,36,6.07 ft (1.85 m),72.83 inches (185 cm),Mexico,1.85,185.0
jesus chavez,44,8,0,57.7,Orthodox,49,5.41 ft (1.65 m),64.96 inches (165 cm),Mexico,1.65,165.0
julio cesar chavez,107,6,2,74.8,Orthodox,60,5.61 ft (1.71 m),66.54 inches (169 cm),Mexico,1.71,169.0
dave charnley,48,12,1,44.3,Southpaw,86,5.51 ft (1.68 m),66.93 inches (170 cm),United Kingdom,1.68,170.0
jermall charlo,30,0,0,73.3,Orthodox,32,6.00 ft (1.83 m),73.62 inches (187 cm),United States,1.83,187.0
ezzard charles,93,25,1,43.7,Orthodox,101,6.00 ft (1.83 m),72.83 inches (185 cm),United States,1.83,185.0
eddie chambers,40,5,0,48.9,Orthodox,40,6.07 ft (1.85 m),75.20 inches (191 cm),United States,1.85,191.0
jermell charlo,35,1,1,50.0,Orthodox,32,5.91 ft (1.80 m),72.83 inches (185 cm),United States,1.8,185.0
ruslan chagaev,34,3,1,55.3,Southpaw,43,5.91 ft (1.80 m),74.02 inches (188 cm),Uzbekistan,1.8,188.0
antonio cervantes,91,12,3,42.5,Orthodox,76,5.74 ft (1.75 m),72.05 inches (183 cm),Colombia,1.75,183.0
hugo centeno jr,27,3,1,43.8,Orthodox,31,6.14 ft (1.87 m),75.59 inches (192 cm),United States,1.87,192.0
julio ceja,32,4,1,75.7,Orthodox,29,5.45 ft (1.66 m),63.39 inches (161 cm),Mexico,1.66,161.0
jose cayetano,21,7,0,35.7,Orthodox,35,5.41 ft (1.65 m),66.14 inches (168 cm),Mexico,1.65,168.0
Celex Antonio Castro,2,0,0,100.0,Orthodox,22,5.68 ft (1.73 m),69.29 inches (176 cm),Mexico,1.73,176.0
jose luis castillo,66,13,1,71.3,Orthodox,48,5.61 ft (1.71 m),68.90 inches (175 cm),Mexico,1.71,175.0
rodolfo casanova,81,22,3,48.1,Orthodox,107,5.28 ft (1.61 m),66.14 inches (168 cm),Mexico,1.61,168.0
joel casamayor,38,6,1,48.9,Southpaw,51,5.58 ft (1.70 m),68.90 inches (175 cm),Cuba,1.7,175.0
jimmy carter,81,31,9,26.4,Orthodox,98,5.51 ft (1.68 m),68.11 inches (173 cm),United States,1.68,173.0
dominick carter,30,10,0,41.5,Orthodox,56,6.00 ft (1.83 m),72.83 inches (185 cm),United States,1.83,185.0
jack carroll,85,11,4,38.2,Orthodox,115,5.87 ft (1.79 m),72.05 inches (183 cm),Australia,1.79,183.0
adrian carreon,16,0,3,47.4,Orthodox,50,6.07 ft (1.85 m),72.05 inches (183 cm),United States,1.85,183.0
blake caparello,30,3,1,36.1,Southpaw,35,6.14 ft (1.87 m),74.02 inches (188 cm),Australia,1.87,188.0
tony canzoneri,141,24,10,25.1,Orthodox,113,5.35 ft (1.63 m),64.96 inches (165 cm),United States,1.63,165.0
andrew cancio,21,5,2,55.2,Orthodox,33,5.51 ft (1.68 m),68.11 inches (173 cm),United States,1.68,173.0
luke campbell,20,3,0,66.7,Southpaw,34,5.74 ft (1.75 m),70.87 inches (180 cm),United Kingdom,1.75,180.0
pablo cesar cano,33,7,1,53.5,Orthodox,32,5.74 ft (1.75 m),70.08 inches (178 cm),Mexico,1.75,178.0
luis ramon campas,103,17,3,64.2,Orthodox,51,5.91 ft (1.80 m),70.08 inches (178 cm),Mexico,1.8,178.0
joe calzaghe,46,0,0,69.6,Southpaw,50,5.91 ft (1.80 m),72.83 inches (185 cm),United Kingdom,1.8,185.0
hector camacho,79,6,3,43.2,Southpaw,60,5.54 ft (1.69 m),68.90 inches (175 cm),Puerto Rico,1.69,175.0
lucian bute,32,5,0,67.6,Southpaw,42,6.14 ft (1.87 m),72.05 inches (183 cm),Romania,1.87,183.0
charley burley,83,12,2,51.0,Orthodox,104,5.74 ft (1.75 m),75.20 inches (191 cm),United States,1.75,191.0
ricky burns,43,8,1,30.8,Orthodox,39,5.84 ft (1.78 m),70.08 inches (178 cm),United Kingdom,1.78,178.0
cornelius bundrage,35,6,1,45.2,Orthodox,49,5.51 ft (1.68 m),72.05 inches (183 cm),United States,1.68,183.0
ken buchanan,61,8,0,39.1,Orthodox,77,5.61 ft (1.71 m),70.08 inches (178 cm),United Kingdom,1.71,178.0
frank bruno,40,5,0,84.4,Orthodox,60,6.27 ft (1.91 m),81.89 inches (208 cm),United Kingdom,1.91,208.0
joe bugner,69,13,1,49.4,Orthodox,72,6.33 ft (1.93 m),81.89 inches (208 cm),Australia,1.93,208.0
derek bryant,20,7,1,60.7,Southpaw,51,6.27 ft (1.91 m),79.13 inches (201 cm),United States,1.91,201.0
simon brown,47,12,0,57.6,Orthodox,59,5.81 ft (1.77 m),70.87 inches (180 cm),Jamaica,1.77,180.0
panama al brown,132,21,13,36.1,Orthodox,120,5.74 ft (1.75 m),72.44 inches (184 cm),Panama,1.75,184.0
glenwood brown,48,12,0,48.3,Orthodox,55,5.61 ft (1.71 m),72.44 inches (184 cm),United States,1.71,184.0
marcus browne,23,1,0,64.0,Southpaw,31,6.04 ft (1.84 m),75.59 inches (192 cm),United States,1.84,192.0
joe brown,116,47,16,28.9,Orthodox,96,5.61 ft (1.71 m),68.11 inches (173 cm),United States,1.71,173.0
kell brook,39,3,0,64.3,Orthodox,36,5.74 ft (1.75 m),68.90 inches (175 cm),United Kingdom,1.75,175.0
lou brouillard,101,31,3,42.2,Southpaw,111,5.58 ft (1.70 m),72.05 inches (183 cm),Canada,1.7,183.0
adrien broner,33,4,1,61.5,Orthodox,33,5.51 ft (1.68 m),68.90 inches (175 cm),United States,1.68,175.0
shannon briggs,60,6,1,77.9,Orthodox,50,6.33 ft (1.93 m),79.92 inches (203 cm),United States,1.93,203.0
jack britton,239,57,46,8.7,Orthodox,136,5.68 ft (1.73 m),70.08 inches (178 cm),United States,1.73,178.0
dominic breazeale,20,2,0,81.8,Orthodox,36,6.53 ft (1.99 m),81.10 inches (206 cm),United States,1.99,206.0
timothy bradley,33,2,1,35.1,Orthodox,38,5.51 ft (1.68 m),68.90 inches (175 cm),United States,1.68,175.0
juergen braehmer,50,3,0,67.9,Southpaw,43,5.94 ft (1.81 m),71.26 inches (181 cm),Germany,1.81,181.0
livingstone bramble,40,26,3,36.2,Orthodox,61,5.68 ft (1.73 m),74.02 inches (188 cm),Saint Kitts and Nevis,1.73,188.0
riddick bowe,43,1,0,73.3,Orthodox,54,6.43 ft (1.96 m),81.10 inches (206 cm),United States,1.96,206.0
enrique bolanos,79,22,5,41.5,Orthodox,97,5.68 ft (1.73 m),72.83 inches (185 cm),United States,1.73,185.0
victor bisbal,22,4,0,61.5,Orthodox,42,6.33 ft (1.93 m),77.95 inches (198 cm),Puerto Rico,1.93,198.0
lennox blackmoore,25,5,0,46.7,Orthodox,72,5.81 ft (1.77 m),75.20 inches (191 cm),Guyana,1.77,191.0
jimmy bivins,86,25,1,27.7,Orthodox,102,5.74 ft (1.75 m),75.98 inches (193 cm),United States,1.75,193.0
mickey bey,22,3,1,37.0,Orthodox,39,5.74 ft (1.75 m),68.90 inches (175 cm),United States,1.75,175.0
andre berto,33,5,0,61.5,Orthodox,38,5.54 ft (1.69 m),68.50 inches (174 cm),United States,1.69,174.0
artur beterbiev,15,0,0,93.8,Orthodox,37,6.04 ft (1.84 m),72.83 inches (185 cm),Russian Federation,1.84,185.0
melio bettina,83,14,3,36.0,Southpaw,105,5.74 ft (1.75 m),70.08 inches (178 cm),United States,1.75,178.0
trevor berbick,49,11,1,54.1,Orthodox,68,6.17 ft (1.88 m),77.95 inches (198 cm),Canada,1.88,198.0
miguel berchelt,38,1,0,85.0,Orthodox,30,5.58 ft (1.70 m),70.87 inches (180 cm),Mexico,1.7,180.0
nicky bentz,36,7,2,64.4,Orthodox,50,5.58 ft (1.70 m),70.08 inches (178 cm),Mexico,1.7,178.0
jose benavidez,27,1,0,64.3,Orthodox,30,5.91 ft (1.80 m),72.83 inches (185 cm),United States,1.8,185.0
nino benvenuti,82,7,1,38.9,Orthodox,84,5.91 ft (1.80 m),75.20 inches (191 cm),Italy,1.8,191.0
raymundo beltran,36,9,1,46.8,Orthodox,41,5.68 ft (1.73 m),68.11 inches (173 cm),Mexico,1.73,173.0
tony bellew,30,3,1,58.8,Orthodox,39,6.27 ft (1.91 m),74.02 inches (188 cm),United Kingdom,1.91,188.0
owen beck,29,13,0,47.6,Orthodox,46,6.14 ft (1.87 m),77.95 inches (198 cm),Jamaica,1.87,198.0
hogan kid bassey,59,13,2,28.4,Orthodox,90,5.25 ft (1.60 m),66.54 inches (169 cm),Nigeria,1.6,169.0
fidel bassa,22,1,1,62.5,Orthodox,59,5.28 ft (1.61 m),70.08 inches (178 cm),Colombia,1.61,178.0
marco antonio barrera,67,7,0,58.7,Orthodox,48,5.51 ft (1.68 m),70.08 inches (178 cm),Mexico,1.68,178.0
rances barthelemy,28,1,1,45.2,Orthodox,36,5.91 ft (1.80 m),72.83 inches (185 cm),Cuba,1.8,185.0
sullivan barrera,22,3,0,56.0,Orthodox,40,6.17 ft (1.88 m),72.83 inches (185 cm),Cuba,1.88,185.0
iran barkley,43,19,1,42.9,Orthodox,62,6.07 ft (1.85 m),74.02 inches (188 cm),United States,1.85,188.0
carlos manuel baldomir,49,16,6,21.1,Orthodox,51,5.58 ft (1.70 m),68.11 inches (173 cm),Argentina,1.7,173.0
emanuel augustus,38,34,6,25.6,Orthodox,47,5.58 ft (1.70 m),68.11 inches (173 cm),United States,1.7,173.0
firat arslan,48,9,3,55.0,Southpaw,51,5.97 ft (1.82 m),76.77 inches (195 cm),Germany,1.82,195.0
henry armstrong,150,21,10,55.8,Orthodox,112,5.45 ft (1.66 m),66.93 inches (170 cm),United States,1.66,170.0
chris arreola,38,6,1,70.2,Orthodox,41,6.27 ft (1.91 m),75.98 inches (193 cm),United States,1.91,193.0
alexis arguello,77,8,0,72.9,Orthodox,70,5.84 ft (1.78 m),72.05 inches (183 cm),Nicaragua,1.78,183.0
art aragon,90,20,6,53.4,Orthodox,94,5.68 ft (1.73 m),70.08 inches (178 cm),United States,1.73,178.0
alfredo angulo,24,6,0,63.3,Orthodox,40,5.81 ft (1.77 m),68.90 inches (175 cm),Mexico,1.77,175.0
fred apostoli,61,10,1,43.1,Orthodox,109,5.81 ft (1.77 m),70.08 inches (178 cm),United States,1.77,178.0
sammy angott,94,29,8,16.8,Orthodox,107,5.61 ft (1.71 m),70.08 inches (178 cm),United States,1.71,178.0
jerwin ancajas,32,1,2,62.9,Southpaw,30,5.51 ft (1.68 m),66.54 inches (169 cm),Philippines,1.68,169.0
chris algieri,24,3,0,33.3,Orthodox,38,5.84 ft (1.78 m),72.05 inches (183 cm),United States,1.78,183.0
lou ambers,91,8,7,26.4,Orthodox,108,5.38 ft (1.64 m),70.08 inches (178 cm),United States,1.64,178.0
devon alexander,27,7,1,40.0,Southpaw,35,5.71 ft (1.74 m),70.08 inches (178 cm),United States,1.74,178.0
prince badi ajamu,27,3,1,48.4,Orthodox,50,6.00 ft (1.83 m),74.02 inches (188 cm),United States,1.83,188.0
ryo akaho,33,2,2,56.8,Orthodox,36,5.51 ft (1.68 m),66.93 inches (170 cm),Japan,1.68,170.0
joseph agbeko,36,5,0,63.4,Orthodox,42,5.45 ft (1.66 m),65.35 inches (166 cm),Ghana,1.66,166.0
brandon adams,21,3,0,54.2,Orthodox,33,5.74 ft (1.75 m),70.08 inches (178 cm),United States,1.75,178.0
arthur abraham,47,6,0,56.6,Orthodox,42,5.74 ft (1.75 m),72.05 inches (183 cm),Germany,1.75,183.0
victor abraham,24,15,0,20.5,Orthodox,66,5.71 ft (1.74 m),70.08 inches (178 cm),United States,1.74,178.0
