Name,Age,Weight,Height,Reach,Stance,Total_fights,Wins,Losses,Draws,No_contests
Kubrat Pulev,44,Heavyweight,1.94 m (6 ft 4 + 1 ⁄ 2 in) [ 1 ],202 cm ( 79 + 1 ⁄ 2 in) [ 1 ],Orthodox,35,32,3,0,0
Alberto Puello,30,Light welterweight,5 ft 9 in (175 cm),71 in (180 cm),Southpaw,24,24,,,
Christian Mbilli,30,Super Middleweight,5 ft 8 + 1 ⁄ 2 in (174 cm),,Orthodox,29,29,,,
Vergil Ortiz Jr.,27,"Light welterweight, Welterweight, Light middleweight",5 ft 10 in (178 cm) [ 1 ],70 in (178 cm) [ 1 ],Orthodox,23,23,,,
Joseph Parker,33,Heavyweight,6 ft 4 in (193 cm) [ 1 ],76 in (193 cm) [ 1 ],Orthodox,39,36,3,,
William Zepeda,29,Lightweight,5 ft 9 in (175 cm),69 + 1 ⁄ 2 in (177 cm),Southpaw,33,33,,,
Anthony Cacace,36,Super featherweight,5 ft 10 in (178 cm) [ 1 ],71 in (180 cm) [ 1 ],Southpaw,24,23,1,,
Pedro Taduran,28,Mini flyweight,5 ft 4 in (163 cm),64 + 1 ⁄ 2 in (164 cm),Southpaw,23,18,4,1,
Phumelele Cafu,30,"Flyweight, Super flyweight",5 ft 6 in (168 cm),64 in (163 cm),Southpaw,14,11,,3,
Kosei Tanaka,30,"Mini-flyweight, Light-flyweight, Flyweight, Super-flyweight",5 ft 4 + 1 ⁄ 2 in (164 cm),64 + 1 ⁄ 2 in (164 cm),Orthodox,22,20,2,,
Eimantas Stanionis,30,Welterweight Light-middleweight,5 ft 8 in (173 cm),68 in (173 cm),Orthodox,17,15,1,,1
Murat Gassiev,31,Cruiserweight Heavyweight,1.92 m (6 ft 4 in) [ 1 ],193 cm (76 in),Orthodox,34,31,2,,1
Edgar Berlanga,28,"Middleweight, Super middleweight",6 ft 1 in (185 cm) [ 1 ],73 in (185 cm) [ 1 ],Orthodox,24,23,1,,
Marlon Tapales,33,"Light flyweight, Flyweight, Super flyweight, Bantamweight, Super bantamweight, Featherweight, Super featherweight",5 ft 5 in (165 cm),67 + 1 ⁄ 2 in (171 cm),Southpaw,44,40,4,,
Callum Smith,35,"Super-middleweight, Light-heavyweight",6 ft 3 in (191 cm) [ 1 ],78 in (198 cm) [ 1 ],Orthodox,33,31,2,,
Keyshawn Davis,26,Lightweight,5 ft 9 in (175 cm),70 in (178 cm),Orthodox,14,13,,,1
Sandor Martín,31,Light-welterweight,171 cm (5 ft 7 in) [ 1 ],175 cm (69 in) [ 1 ],Southpaw,46,42,4,,
David Benavidez,28,"Super middleweight, Light heavyweight",6 ft 2 in (188 cm),74 + 1 ⁄ 2 in (189 cm) [ 1 ],Orthodox,30,30,,,
Gilberto Ramirez,34,"Middleweight, Super middleweight, Light heavyweight, Cruiserweight",6 ft 2 + 1 ⁄ 2 in (189 cm) [ 1 ],75 in (191 cm) [ 1 ],Southpaw,49,48,1,,
Tim Tszyu,30,Light-middleweight,5 ft 9 in (175 cm) [ 1 ],70 + 1 ⁄ 2 in (179 cm) [ 1 ],Orthodox,27,25,2,,
Shokichi Iwata,29,Light flyweight,5 ft 4 in (163 cm),64 in (163 cm),Orthodox,16,14,2,,
Kenshiro Teraji,33,"Light flyweight, Flyweight",5 ft 4 + 1 ⁄ 2 in (164 cm),64 + 1 ⁄ 2 in (164 cm),Orthodox,26,25,1,,
Seigo Yuri Akui,29,"Light flyweight, Flyweight",5 ft 4 in (163 cm),,Orthodox,25,21,3,1,
Ryosuke Nishida,28,Bantamweight,5 ft 7 in (170 cm),68 in (173 cm),Southpaw,11,10,1,,
Brian Norman Jr.,24,Welterweight,5 ft 8 in (173 cm) [ 1 ],72 in (183 cm) [ 1 ],Orthodox,30,28,,,2
Liam Paro,29,Light welterweight,5 ft 8 + 1 ⁄ 2 in (174 cm),71 in (180 cm),Southpaw,26,25,1,,
Badou Jack,41,"Super-middleweight, Light-heavyweight, Cruiserweight",6 ft 1 in (185 cm),73 in (185 cm),,35,29,3,3,
Elwin Soto,28,"Light flyweight, Flyweight",5 ft 3 in (160 cm),,Orthodox,24,21,3,,
Gary Antuanne Russell,29,Light welterweight,5 ft 10 in (178 cm),69 in (175 cm),Southpaw,19,18,1,,
Devin Haney,26,"Lightweight, Light welterweight, Welterweight",5 ft 8 in (173 cm) [ 1 ],72 in (183 cm) [ 1 ],Orthodox,33,32,0,,1
Caleb Plant,32,Super middleweight,6 ft 1 in (185 cm),74 in (188 cm),Orthodox,27,23,3,,
Naoya Inoue,32,"Light flyweight, Super flyweight, Bantamweight, Super bantamweight",5 ft 5 in (165 cm) [ 1 ],67 + 1 ⁄ 2 in (171 cm) [ 1 ],Orthodox,30,30,,,
Janibek Alimkhanuly,32,75 kg (165 lb),182 cm (6 ft 0 in),71 + 1 ⁄ 2 in (182 cm),Southpaw,17,17,,,
Norair Mikaeljan,34,Cruiserweight,1.90 m (6 ft 3 in),191 cm (75 in),Orthodox,29,27,3,,
Hamzah Sheeraz,26,"Light middleweight, Middleweight, Super middleweight",6 ft 3 in (191 cm),75 in (191 cm),Orthodox,22,21,,1,
Richardson Hitchins,27,Light welterweight,5 ft 10 in (178 cm),74 in (188 cm),Orthodox,20,20,,,
Oleksandr Usyk,38,"Cruiserweight, Heavyweight",1.91 m (6 ft 3 in) [ 1 ],198 cm (78 in) [ 1 ],Southpaw,23,23,,,
Andrew Tabiti,35,Cruiserweight Heavyweight,6 ft 1 in (185 cm),76 + 1 ⁄ 2 in (194 cm),Orthodox,22,20,2,,
Murodjon Akhmadaliev,30,"Super bantamweight, Featherweight, Super featherweight",5 ft 5 + 1 ⁄ 2 in (166 cm),68 in (173 cm),Southpaw,15,14,1,0,
Mario Barrios,30,"Light welterweight, Welterweight",5 ft 9 + 1 ⁄ 2 in (177 cm),70 in (178 cm),Orthodox,32,29,2,1,
Bakhram Murtazaliev,32,Light middleweight,6 ft 0 in (183 cm),72 in (183 cm),Orthodox,23,23,,,
Terence Crawford,37,"Lightweight, Light welterweight, Welterweight, Light middleweight",5 ft 8 in (173 cm) [ 1 ],74 in (188 cm) [ 1 ],Southpaw [ a ],41,41,,,
Teofimo Lopez,27,"Lightweight, Light welterweight",5 ft 8 in (173 cm) [ 1 ],68 + 1 ⁄ 2 in (174 cm) [ 1 ],Orthodox,23,22,1,,
Daniel Dubois,27,Heavyweight,6 ft 5 in (196 cm) [ 1 ],78 in (198 cm) [ 1 ],Orthodox,24,22,2,,
Kazuto Ioka,36,"Mini flyweight, Light flyweight, Flyweight, Super flyweight",5 ft 4 + 1 ⁄ 2 in (164 cm),64 + 1 ⁄ 2 in (164 cm),Orthodox,36,31,4,1,
Moses Itauma,20,Heavyweight,1.94 m (6 ft 4 + 1 ⁄ 2 in),79”,Southpaw,12,12,,,
Dillian Whyte,37,,6 ft 4 in (193 cm) [ 4 ],78 in (198 cm) [ 4 ],Orthodox,,1,0,,
Canelo Álvarez,34,"Welterweight, Light middleweight, Middleweight, Super middleweight, Light heavyweight",5 ft 7 + 1 ⁄ 2 in (171 cm) [ 1 ],70 + 1 ⁄ 2 in (179 cm) [ 1 ],Orthodox,67,63,2,2,
Efe Ajagba,31,Heavyweight,1.98 m (6 ft 6 in),85 in (216 cm),Orthodox,21,20,1,1,
Dmitry Bivol,34,Light-heavyweight,6 ft 0 in (183 cm) [ 1 ],72 in (183 cm) [ 1 ],Orthodox,25,24,1,,
Jai Opetaia,30,"Cruiserweight, Heavyweight",6 ft 2 in (188 cm),76 in (193 cm),Southpaw,28,28,,,
Joshua Buatsi,32,Light heavyweight,6 ft 2 in (188 cm) [ 1 ],74 + 1 ⁄ 2 in (189 cm) [ 1 ],Orthodox,20,19,1,,
Emanuel Navarrete,30,"Flyweight, Super bantamweight, Featherweight, Super featherweight, Lightweight",5 ft 7 in (170 cm),72 in (183 cm),Orthodox,43,39,2,1,1
Arnold Barboza Jr.,33,"Light welterweight, Welterweight",5 ft 9 in (175 cm) [ 1 ],72 in (183 cm) [ 1 ],Orthodox [ 1 ],33,32,1,,
Justis Huni,26,Heavyweight,1.93 m (6 ft 4 in),,Orthodox,13,12,1,,
Gervonta Davis,30,"Super featherweight, Lightweight, Light welterweight",5 ft 5 in (165 cm) [ 1 ],67 + 1 ⁄ 2 in (171 cm) [ 1 ],Southpaw,31,30,,1,
Sam Goodman,,,,,,,,,,
Israil Madrimov,30,Light middleweight,5 ft 8 + 1 ⁄ 2 in (174 cm),68 + 1 ⁄ 2 in (174 cm),Orthodox,13,10,2,1,
Junto Nakatani,27,"Flyweight, Super flyweight, Bantamweight",5 ft 8 in (173 cm),68 + 1 ⁄ 2 in (174 cm),Southpaw,31,31,,,
Carlos Adames,31,"Welterweight, Light middleweight, Middleweight",5 ft 11 in (180 cm),73 in (185 cm),Orthodox [ a ],26,24,1,1,
Carlos Cuadras,36,"Super flyweight, Bantamweight",5 ft 4 in (163 cm) [ 1 ],66 in (168 cm) [ 1 ],Orthodox,48,42,5,1,
Fabio Wardley,30,Heavyweight,6 ft 5 in (196 cm),78 in (198 cm),Orthodox,20,19,0,1,
Subriel Matías,33,Light welterweight,5 ft 9 in (175 cm) [ 1 ],71 in (180 cm) [ 1 ],Orthodox,24,22,2,,
Masamichi Yabuki,32,"Light flyweight, Flyweight",5 ft 5 + 1 ⁄ 2 in (166 cm),64 + 1 ⁄ 2 in (164 cm),Orthodox,22,18,4,,
Artur Beterbiev,40,Light-heavyweight,5 ft 11 + 1 ⁄ 2 in (182 cm) [ 1 ],73 in (185 cm) [ 1 ],Orthodox,22,21,1,,
Oscar Collazo,,,,,,,,,,
Alan Picasso Romero,24,"Bantamweight, Super-bantamweight, Featherweight",5 ft 8 in (173 cm),70 in (178 cm),Orthodox,32,31,0,1,
Agit Kabayel,32,Heavyweight,6 ft 3 in (191 cm),80 in (203 cm),Orthodox,26,26,,,
Kevin Lerena,33,"Cruiserweight, Bridgerweight, Heavyweight",6 ft 1 in (1.85 m),,Southpaw,34,31,3,,
Derek Chisora,41,Heavyweight,6 ft 2 in (188 cm) [ 1 ],74 in (188 cm) [ 1 ],Orthodox,49,36,13,,
Jermall Charlo,35,"Light middleweight, Middleweight, Super Middleweight",6 ft 0 in (183 cm) [ 1 ],74 in (188 cm) [ 1 ],Orthodox,34,34,,,
Chris Eubank Jr.,35,"Middleweight, Super-middleweight",5 ft 11 in (180 cm) [ 1 ],72.5 in (184 cm) [ 2 ],Orthodox,38,34,3,,
Tyson Fury,36,Heavyweight,6 ft 9 in (206 cm) [ 1 ],85 in (216 cm) [ 1 ],Orthodox [ a ],37,34,2,1,
Sebastian Fundora,27,Light middleweight,6 ft 6 in (198 cm) [ 1 ],80 in (203 cm) [ 1 ],Southpaw,24,22,1,1,
Andy Cruz,29,Lightweight,1.75 m (5 ft 9 in),,Orthodox,6,6,,,
Jarrell Miller,36,,6 ft 4 in (193 cm) [ 1 ] [ 2 ],78 in (198 cm) [ 2 ],,,22,2,2,
Shakur Stevenson,28,"Featherweight, Super featherweight, Lightweight",5 ft 8 in (173 cm) [ 1 ],68 in (173 cm) [ 1 ],Southpaw,23,23,,,
Andy Ruiz Jr.,35,Heavyweight,6 ft 2 in (188 cm) [ 1 ],74 in (188 cm) [ 1 ],Orthodox,38,35,2,1,
Martin Bakole,32,Heavyweight,6 ft 6 in (198 cm) [ 1 ],82 in (208 cm),Orthodox,24,21,2,1,
Jaron Ennis,28,Welterweight,5 ft 10 in (178 cm),74 in (188 cm),Orthodox [ nb 1 ],35,34,,,1
Erislandy Lara,42,"Light middleweight, Middleweight",5 ft 9 in (175 cm) [ 1 ],75 + 1 ⁄ 2 in (192 cm) [ 1 ],Southpaw,37,31,3,3,
