name,wins,looses,draws,ko_rate,stance,age,country,height_cm,reach_cm
saul alvarez,54,1,2,0.632,Orthodox,32,Mexico,174.95520000000002,178.9938
rene alvarado,32,8,0,0.525,Orthodox,33,Nicaragua,170.07840000000002,183.007
daniel alicea,30,7,2,0.564,Orthodox,49,Puerto Rico,173.1264,178.0032
sadam ali,27,3,0,0.467,Orthodox,33,United States,174.95520000000002,184.9882
muhammad ali,56,5,0,0.607,Orthodox,80,United States,191.1096,197.99300000000002
juan zurita,130,23,1,0.299,Orthodox,105,Mexico,164.8968,167.9956
fritzie zivic,158,65,10,0.35200000000000004,Orthodox,109,United States,178.0032,180.0098
rudy zavala,25,8,2,0.6,Orthodox,53,United States,170.07840000000002,172.9994
carlos zarate,66,4,0,0.9,Orthodox,71,Mexico,173.1264,170.00220000000002
tony zale,67,18,2,0.517,Orthodox,108,United States,170.99280000000002,175.00600000000003
daud cino yordan,40,4,0,0.622,Orthodox,35,Indonesia,170.07840000000002,172.9994
teddy yarosz,107,18,3,0.133,Orthodox,112,United States,178.0032,183.9976
ronald wright,51,6,1,0.431,Southpaw,50,United States,178.9176,183.007
chalky wright,162,45,19,0.36200000000000004,Orthodox,110,United States,168.85920000000002,175.00600000000003
pongsaklek wonjongkam,89,5,2,0.479,Southpaw,45,Thailand,161.84879999999998,161.0106
krzysztof wlodarczyk,58,4,1,0.619,Orthodox,40,Poland,185.928,191.008
jackie wilson,101,45,8,0.129,Orthodox,113,United States,164.8968,164.99839999999998
california jackie wilson,63,19,6,0.42700000000000005,Orthodox,104,United States,178.9176,192.9892
darroll wilson,27,10,2,0.5379999999999999,Orthodox,56,United States,182.88,200.9902
mark wills,14,18,1,0.273,Orthodox,62,United States,185.01360000000003,188.0108
roderick willis,14,7,1,0.364,Orthodox,49,United States,198.12,208.0006
julian williams,27,2,1,0.516,Orthodox,32,United States,178.0032,183.9976
holman williams,145,30,11,0.187,Orthodox,107,United States,178.9176,180.0098
ike williams,128,24,5,0.389,Orthodox,99,United States,174.95520000000002,172.9994
cleveland williams,78,13,1,0.63,Orthodox,89,United States,191.1096,202.9968
paul williams,41,2,0,0.628,Southpaw,41,United States,185.01360000000003,200.9902
tramaine williams,19,0,0,0.3,Southpaw,29,United States,163.06799999999998,172.9994
sherman williams,39,15,2,0.368,Orthodox,49,Bahamas,180.1368,192.9892
deontay wilder,42,1,1,0.932,Orthodox,36,United States,199.94879999999998,210.99779999999998
jimmy wilde,139,4,5,0.664,Orthodox,130,United Kingdom,159.10559999999998,167.9956
pernell whitaker,40,4,1,0.37,Southpaw,58,United States,167.9448,175.00600000000003
richie wenton,24,6,0,0.33299999999999996,Orthodox,54,United Kingdom,173.1264,178.0032
scott welch,22,4,0,0.654,Orthodox,54,United Kingdom,188.0616,191.008
gerald washington,20,4,1,0.52,Orthodox,40,United States,198.12,208.0006
andre ward,32,0,0,0.5,Orthodox,38,United States,182.88,180.0098
micky ward,38,13,0,0.529,Orthodox,56,United States,173.1264,178.0032
otto wallin,20,1,0,0.565,Southpaw,31,Sweden,196.9008,197.99300000000002
anaclet wamba,46,2,1,0.469,Orthodox,62,France,189.89040000000003,192.9892
nicholas walters,26,1,1,0.7240000000000001,Orthodox,36,Jamaica,170.07840000000002,184.9882
jersey joe walcott,51,18,2,0.451,Orthodox,108,United States,182.88,188.0108
mickey walker,131,26,5,0.366,Orthodox,121,United States,170.07840000000002,170.00220000000002
mariusz wach,34,6,0,0.439,Orthodox,42,Poland,202.0824,208.0006
rose volante,14,1,0,0.5,Orthodox,34,Brazil,166.116,170.9928
brian viloria,36,6,0,0.5,Orthodox,41,United States,163.06799999999998,167.9956
felix verdejo,27,1,0,0.607,Orthodox,29,Puerto Rico,174.95520000000002,183.007
jose velasquez,27,6,2,0.514,Orthodox,32,Chile,159.10559999999998,162.9918
david vedder,23,25,5,0.057,Orthodox,58,United States,185.01360000000003,192.9892
jessie vargas,29,3,2,0.324,Orthodox,33,United States,178.0032,180.0098
francisco vargas,26,2,2,0.6,Orthodox,37,Mexico,173.1264,178.0032
fernando vargas,26,5,0,0.71,Orthodox,44,United States,178.0032,178.0032
nikolay valuev,50,2,0,0.642,Orthodox,49,Russian Federation,213.0552,216.00160000000002
matt vanda,45,16,0,0.41,Orthodox,43,United States,178.0032,178.0032
oscar valdez,28,1,0,0.677,Orthodox,31,Mexico,166.116,167.9956
rodrigo valdes,64,8,2,0.581,Orthodox,75,Colombia,177.0888,175.00600000000003
yordenis ugas,25,4,0,0.414,Orthodox,36,Cuba,174.95520000000002,175.00600000000003
mike tyson,50,6,0,0.746,Orthodox,56,United States,178.0032,180.0098
randolph turpin,66,8,1,0.6,Orthodox,94,United Kingdom,177.0888,189.0014
gene tunney,79,1,4,0.565,Orthodox,125,United States,182.88,192.9892
david tua,52,5,2,0.7290000000000001,Orthodox,49,New Zealand,178.0032,178.0032
tony tubbs,48,9,0,0.441,Orthodox,64,United States,189.89040000000003,200.9902
kostya tszyu,31,2,0,0.735,Orthodox,52,Australia,170.07840000000002,170.00220000000002
rex tso,15,0,0,0.563,Southpaw,35,Hong Kong,170.07840000000002,177.0126
courage tshabalala,26,4,0,0.733,Orthodox,51,South Africa,188.976,205.994
caleb truax,31,5,2,0.452,Orthodox,38,United States,182.88,184.9882
austin trout,32,5,1,0.474,Orthodox,36,United States,177.0888,183.007
felix trinidad,42,3,0,0.778,Orthodox,49,Puerto Rico,180.1368,183.9976
jose torres,41,3,1,0.644,Orthodox,86,Puerto Rico,178.0032,188.0108
james toney,76,9,3,0.511,Orthodox,53,United States,178.0032,183.007
fabrice tiozzo,48,2,0,0.64,Orthodox,53,France,185.01360000000003,183.007
james tillis,42,22,1,0.47,Orthodox,65,United States,185.01360000000003,202.9968
dick tiger,60,19,3,0.32899999999999996,Orthodox,93,Nigeria,173.1264,180.0098
dave tiberi,22,3,3,0.25,Orthodox,55,United States,178.9176,183.9976
keith thurman,29,1,0,0.71,Orthodox,33,United States,170.99280000000002,175.00600000000003
glenn thomas,29,8,0,0.43200000000000005,Orthodox,59,United States,174.95520000000002,180.0098
lionell thompson,22,5,0,0.429,Orthodox,37,United States,180.1368,191.008
zolani tete,27,4,0,0.6559999999999999,Orthodox,34,South Africa,174.95520000000002,183.007
lew tendler,145,16,9,0.222,Southpaw,123,United States,167.9448,178.0032
patrick teixeira,30,1,0,0.647,Southpaw,31,Brazil,181.9656,194.0052
josh taylor,17,0,0,0.765,Southpaw,31,United Kingdom,178.0032,177.0126
meldrick taylor,38,8,1,0.426,Orthodox,55,United States,170.99280000000002,167.9956
jermain taylor,33,4,1,0.526,Orthodox,44,United States,180.1368,189.0014
thomas tate,41,7,0,0.583,Orthodox,56,United States,178.0032,183.007
antonio tarver,30,6,1,0.568,Southpaw,53,United States,188.0616,191.008
frankie swindell,37,24,4,0.424,Orthodox,58,United States,178.0032,184.9882
imre szello,24,1,0,0.64,Orthodox,39,Hungary,185.01360000000003,189.992
andy tabanas,40,5,2,0.511,Orthodox,52,Philippines,156.972,159.99460000000002
bermane stiverne,26,3,1,0.7,Orthodox,43,Canada,188.0616,202.9968
shakur stevenson,14,0,0,0.43799999999999994,Southpaw,25,United States,173.1264,172.9994
curtis stevens,30,7,0,0.595,Orthodox,37,United States,170.07840000000002,181.991
adonis stevenson,29,2,1,0.75,Southpaw,44,Canada,180.1368,196.0118
freddie steele,123,5,11,0.414,Orthodox,109,United States,178.0032,183.007
marlon starling,45,6,1,0.509,Orthodox,62,United States,173.1264,184.9882
james stanton,17,6,0,0.348,Orthodox,49,United States,188.0616,196.0118
bill squires,20,11,2,0.455,Orthodox,143,Australia,178.9176,178.0032
michael spinks,31,1,0,0.6559999999999999,Orthodox,66,United States,188.976,192.9892
errol spence jr,26,0,0,0.778,Orthodox,32,United States,178.0032,183.007
humberto soto,69,10,2,0.446,Orthodox,42,Mexico,171.9072,175.00600000000003
billy soose,34,6,1,0.341,Orthodox,107,United States,184.0992,184.9882
liborio solis,30,6,1,0.359,Orthodox,40,"Venezuela, Bolivarian Republic of",163.9824,172.9994
renaldo snipes,39,8,1,0.45799999999999996,Orthodox,66,United States,188.0616,197.99300000000002
james smith,44,17,1,0.516,Orthodox,69,United States,192.9384,208.0006
buck smith,180,20,2,0.529,Orthodox,57,United States,174.95520000000002,172.9994
oleydong sithsamerchai,55,2,1,0.36200000000000004,Southpaw,37,Thailand,160.9344,156.0068
dan sherry,22,6,0,0.35700000000000004,Orthodox,56,Canada,182.88,178.0032
omar sheika,32,12,0,0.47700000000000004,Orthodox,45,United States,182.88,178.0032
vyacheslav shabranskyy,13,2,0,0.667,Orthodox,35,Ukraine,188.0616,191.008
dave shade,155,29,60,0.068,Orthodox,120,United States,173.1264,180.0098
ezra sellers,29,8,0,0.703,Southpaw,53,United States,185.01360000000003,196.0118
lee selby,28,3,0,0.265,Orthodox,35,United Kingdom,174.0408,175.00600000000003
malik scott,37,3,1,0.317,Orthodox,41,United States,192.9384,205.994
max schmeling,56,10,4,0.5710000000000001,Orthodox,116,Germany,185.01360000000003,192.9892
johnny saxton,55,9,2,0.318,Orthodox,92,United States,174.95520000000002,180.0098
alex saucedo,29,1,0,0.633,Orthodox,28,United States,178.0032,183.007
petey sarron,110,24,19,0.163,Orthodox,115,United States,160.02,159.99460000000002
diego ricardo santillan,23,3,0,0.5770000000000001,Orthodox,35,Argentina,160.9344,175.99660000000003
edwin santana,27,5,6,0.184,Orthodox,52,Dominican Republic,163.9824,170.00220000000002
leo santa cruz,37,2,1,0.475,Orthodox,34,Mexico,170.07840000000002,175.00600000000003
salvador sanchez,44,1,1,0.696,Orthodox,63,Mexico,170.07840000000002,170.00220000000002
orlando salido,43,14,4,0.47600000000000003,Orthodox,41,Mexico,167.9448,170.00220000000002
pedro saiz,25,9,3,0.43200000000000005,Southpaw,56,Dominican Republic,170.07840000000002,178.0032
veeraphol sahaprom,66,4,2,0.639,Orthodox,53,Thailand,160.02,164.99839999999998
kevin lele sadjo,15,0,0,0.9329999999999999,Orthodox,32,France,173.1264,172.9994
sandy saddler,144,16,2,0.636,Orthodox,96,United States,174.0408,178.0032
andy ruiz jr,33,2,0,0.629,Orthodox,32,Mexico,188.0616,188.0108
gary russell jr,31,1,0,0.563,Orthodox,34,United States,163.9824,162.9918
john ruiz,44,9,1,0.545,Orthodox,50,United States,188.0616,197.99300000000002
rafael ruelas,53,4,0,0.737,Orthodox,51,United States,180.1368,180.0098
donovan ruddock,39,6,1,0.652,Orthodox,58,Canada,191.1096,208.0006
derric rossy,30,13,0,0.326,Orthodox,42,United States,191.1096,194.0052
barney ross,74,4,3,0.272,Orthodox,112,United States,170.07840000000002,170.00220000000002
gabriel rosado,25,12,1,0.341,Orthodox,36,United States,181.9656,181.991
maxie rosenbloom,223,43,30,0.064,Orthodox,115,United States,178.9176,181.991
tomas rojas,51,19,1,0.47200000000000003,Orthodox,42,Mexico,173.1264,175.99660000000003
luis manuel rodriguez,107,13,0,0.405,Orthodox,85,Cuba,173.1264,188.0108
edwin rodriguez,31,2,0,0.606,Orthodox,37,Dominican Republic,182.88,192.9892
ray robinson,24,3,2,0.414,Southpaw,36,United States,178.0032,197.99300000000002
sugar ray robinson,175,19,6,0.545,Orthodox,101,United States,180.1368,183.9976
jose luis rivera,18,6,0,0.5379999999999999,Orthodox,55,United States,182.88,184.9882
ronny rios,31,3,0,0.441,Orthodox,32,United States,170.99280000000002,170.00220000000002
guillermo rigondeaux,20,1,0,0.565,Southpaw,41,Cuba,163.9824,167.9956
ron richards,95,25,10,0.435,Orthodox,112,Australia,178.9176,183.9976
jose ribalta,38,17,1,0.48200000000000004,Orthodox,59,Cuba,195.072,202.9968
robin reid,42,8,1,0.569,Orthodox,51,United Kingdom,174.95520000000002,192.9892
eric regan,27,4,0,0.581,Orthodox,46,United States,192.9384,192.9892
frankie randall,58,18,1,0.545,Orthodox,60,United States,173.1264,172.9994
sugar ramos,55,7,4,0.606,Orthodox,80,Cuba,163.9824,172.9994
gilberto ramirez sanchez,40,0,0,0.634,Southpaw,31,Mexico,188.976,191.008
jose carlos ramirez,26,0,0,0.654,Orthodox,30,United States,178.0032,183.9976
wesley ramey,152,28,14,0.057,Orthodox,112,United States,163.06799999999998,170.00220000000002
peter quillin,34,2,1,0.59,Orthodox,39,United States,180.1368,184.9882
ike quartey,38,4,1,0.7440000000000001,Orthodox,52,Ghana,170.99280000000002,180.0098
dwight muhammad qawi,41,11,1,0.47200000000000003,Orthodox,69,United States,166.116,180.0098
ross puritty,31,20,3,0.5,Orthodox,55,United States,191.1096,202.9968
aaron pryor,39,1,0,0.875,Orthodox,66,United States,167.9448,175.00600000000003
ruslan provodnikov,25,5,0,0.6,Orthodox,38,Russian Federation,167.9448,167.9956
david price,23,7,0,0.633,Orthodox,39,United Kingdom,202.9968,208.0006
alexander povetkin,36,2,1,0.625,Orthodox,42,Russian Federation,188.0616,191.008
shawn porter,30,3,1,0.486,Orthodox,34,United States,170.07840000000002,177.0126
michele piccirillo,50,5,0,0.518,Orthodox,52,Italy,178.9176,181.0004
verno phillips,42,11,1,0.382,Orthodox,52,United States,170.99280000000002,175.00600000000003
vince phillips,48,12,1,0.557,Orthodox,59,United States,170.99280000000002,178.0032
billy petrolle,123,26,15,0.4,Orthodox,117,United States,170.07840000000002,178.0032
lamont peterson,35,5,1,0.415,Orthodox,38,United States,174.95520000000002,183.007
samuel peter,37,9,0,0.652,Orthodox,41,Nigeria,188.0616,196.0118
eddie perkins,75,20,2,0.214,Orthodox,85,United States,164.8968,172.9994
paul pender,40,6,2,0.41700000000000004,Orthodox,92,United States,178.0032,183.007
willie pep,229,11,1,0.27,Orthodox,99,United States,164.8968,172.9994
eusebio pedroza,41,6,1,0.51,Orthodox,66,Panama,173.1264,173.99
juan carlos payano,21,3,0,0.375,Southpaw,38,Dominican Republic,164.8968,164.00779999999997
kelly pavlik,40,2,0,0.81,Orthodox,40,United States,188.976,191.008
floyd patterson,55,8,1,0.625,Orthodox,87,United States,182.88,180.0098
vic patrick,52,4,1,0.789,Southpaw,102,Australia,170.07840000000002,172.9994
willie pastrano,62,13,8,0.16899999999999998,Orthodox,86,United States,178.0032,183.007
jean pascal,35,6,1,0.465,Orthodox,39,Canada,178.9176,183.007
vic pasillas,11,0,0,0.364,Southpaw,30,United States,164.8968,164.99839999999998
joseph parker,27,2,0,0.7240000000000001,Orthodox,30,New Zealand,192.9384,192.9892
ambrose palmer,57,7,2,0.348,Orthodox,110,Australia,178.9176,183.9976
greg page,58,17,1,0.632,Orthodox,63,United States,188.0616,205.994
jorge paez,80,12,5,0.531,Orthodox,56,Mexico,164.8968,172.9994
manny pacquiao,62,7,2,0.5489999999999999,Southpaw,43,Philippines,168.85920000000002,170.00220000000002
ken overlin,135,19,9,0.139,Orthodox,112,United States,174.95520000000002,178.0032
sven ottke,34,0,0,0.17600000000000002,Orthodox,55,Germany,178.0032,175.00600000000003
vergil ortiz jr,3,0,0,1.0,Orthodox,24,United States,178.0032,178.0032
luis ortiz,31,2,0,0.722,Orthodox,43,Cuba,192.9384,213.0044
manuel ortiz,100,28,3,0.41200000000000003,Orthodox,106,United States,163.06799999999998,164.00779999999997
pedro ortega,31,14,1,0.435,Orthodox,49,Mexico,178.0032,188.0108
victor ortiz,30,6,3,0.59,Southpaw,35,United States,174.95520000000002,178.0032
antonio orozco,28,2,0,0.5479999999999999,Orthodox,34,Mexico,170.07840000000002,178.0032
carlos ortiz,61,7,2,0.429,Orthodox,85,Puerto Rico,170.07840000000002,178.0032
thomas oosthuizen,28,3,2,0.485,Orthodox,34,South Africa,192.9384,197.99300000000002
bobo olson,97,16,2,0.4,Orthodox,94,United States,178.9176,178.0032
ruben olivares,89,13,3,0.752,Orthodox,75,Mexico,166.116,170.00220000000002
michael olajide,27,5,0,0.594,Orthodox,58,Canada,185.01360000000003,196.0118
michael nunn,58,4,0,0.597,Southpaw,59,United States,185.01360000000003,196.0118
terry norris,47,9,0,0.5539999999999999,Orthodox,55,United States,177.0888,173.99
hurshidbek normatov,9,0,0,0.33299999999999996,Southpaw,30,Uzbekistan,188.0616,191.008
brian nix,18,12,0,0.1,Orthodox,52,United States,191.1096,196.0118
patrick nielsen,30,3,0,0.424,Southpaw,31,Denmark,182.88,184.9882
azumah nelson,39,6,2,0.596,Orthodox,64,Ghana,164.8968,172.9994
johnny nelson,45,12,2,0.49200000000000005,Southpaw,55,United Kingdom,188.976,205.994
jose napoles,81,7,0,0.614,Orthodox,82,Cuba,170.99280000000002,183.007
masayoshi nakatani,17,1,0,0.611,Orthodox,33,Japan,181.9656,180.0098
elvir muriqi,40,7,0,0.511,Orthodox,43,United States,178.9176,183.9976
anthony mundine,48,10,0,0.483,Orthodox,47,Australia,180.1368,178.0032
eddie mustafa muhammad,51,8,1,0.667,Orthodox,70,United States,182.88,184.9882
matthew saad muhammad,49,16,3,0.515,Orthodox,68,United States,180.1368,191.008
denny moyer,97,38,4,0.179,Orthodox,83,United States,174.0408,183.007
shane mosley,49,10,1,0.672,Orthodox,50,United States,174.0408,180.0098
erik morales,52,9,0,0.59,Orthodox,45,Mexico,173.1264,183.007
davey moore,59,7,1,0.441,Orthodox,88,United States,159.10559999999998,164.99839999999998
carlos monzon,87,3,9,0.58,Orthodox,80,Argentina,181.05120000000002,192.9892
bob montgomery,75,19,3,0.381,Orthodox,103,United States,170.99280000000002,180.0098
pedro montanez,91,8,4,0.485,Orthodox,108,Puerto Rico,164.8968,172.9994
willie monroe jr,24,3,0,0.222,Southpaw,35,United States,178.0032,188.0108
eric molina,27,6,0,0.5760000000000001,Orthodox,40,United States,192.9384,197.99300000000002
carlos molina,28,10,2,0.195,Orthodox,39,Mexico,174.95520000000002,178.0032
john molina,30,9,0,0.615,Orthodox,39,United States,178.9176,180.0098
john john molina,52,7,0,0.5589999999999999,Orthodox,57,Puerto Rico,170.07840000000002,170.00220000000002
nadjib mohammedi,41,6,0,0.511,Orthodox,37,France,181.05120000000002,178.9938
billy miske,74,13,17,0.324,Orthodox,128,United States,184.0992,192.9892
edison miranda,36,10,0,0.674,Orthodox,41,Colombia,178.0032,197.0024
mauro mina,52,3,3,0.431,Orthodox,88,Peru,181.9656,188.0108
dariusz michalczewski,48,2,0,0.76,Orthodox,54,Poland,185.01360000000003,178.0032
archie moore,185,23,10,0.598,Orthodox,81,75.20 inches (191 cm),13.0,5.91
aelio mesquita,19,5,0,0.708,Orthodox,31,Brazil,173.1264,178.0032
argenis mendez,25,5,3,0.34299999999999997,Orthodox,36,Dominican Republic,174.95520000000002,180.0098
kali meehan,42,6,0,0.667,Orthodox,52,Australia,195.9864,205.994
jimmy mclarnin,55,11,3,0.304,Orthodox,114,Canada,167.9448,170.00220000000002
thabiso mchunu,23,5,0,0.483,Southpaw,34,South Africa,180.1368,183.9976
james mcgirt,73,6,1,0.6,Orthodox,58,United States,168.85920000000002,178.0032
packey mcfarland,106,1,6,0.442,Orthodox,133,United States,170.07840000000002,175.00600000000003
al mccoy,116,31,20,0.275,Orthodox,109,United States,180.1368,188.0108
jameel mccline,41,13,3,0.42100000000000004,Orthodox,52,United States,198.12,208.0006
mike mccallum,49,5,1,0.655,Orthodox,65,Jamaica,181.9656,189.0014
kevin mcbride,35,10,1,0.63,Orthodox,49,Ireland,198.12,202.9968
floyd mayweather jr,50,0,0,0.529,Orthodox,45,United States,173.1264,183.007
sandro mazzinghi,64,3,0,0.609,Orthodox,83,Italy,173.1264,183.9976
bernard mays,26,1,1,0.536,Orthodox,62,United States,178.0032,178.0032
joey maxim,82,29,4,0.183,Orthodox,100,United States,185.01360000000003,181.991
tami mauriello,82,13,1,0.625,Orthodox,98,United States,181.9656,184.9882
rocky mattioli,64,7,2,0.6990000000000001,Orthodox,68,Italy,168.85920000000002,170.00220000000002
lucas martin matthysse,39,5,0,0.8,Orthodox,39,Argentina,168.85920000000002,175.00600000000003
subriel matias,15,0,0,1.0,Orthodox,30,Puerto Rico,173.1264,181.991
buster mathis,30,4,0,0.618,Orthodox,79,United States,191.1096,192.9892
oleg maskaev,39,7,0,0.609,Orthodox,53,Russian Federation,191.1096,200.9902
vanes martirosyan,36,4,1,0.512,Orthodox,36,United States,182.88,184.9882
maselino masoe,30,6,0,0.778,Orthodox,56,New Zealand,173.1264,172.9994
sergio gabriel martinez,52,3,2,0.509,Southpaw,47,Argentina,178.0032,184.9882
vince martinez,69,8,0,0.46799999999999997,Orthodox,93,United States,174.95520000000002,177.0126
lloyd marshall,70,25,4,0.364,Orthodox,108,United States,178.0032,189.0014
juan manuel marquez,56,7,1,0.625,Orthodox,48,Mexico,170.07840000000002,170.00220000000002
miguel marriaga,29,4,0,0.735,Orthodox,35,Colombia,173.1264,170.00220000000002
rafael marquez,41,9,0,0.74,Orthodox,47,Mexico,166.116,172.9994
antonio margarito,40,8,0,0.54,Orthodox,44,Mexico,180.1368,184.9882
abner mares,31,3,1,0.429,Orthodox,36,Mexico,163.9824,167.9956
rocky marciano,49,0,0,0.878,Orthodox,98,United States,178.9176,172.9994
ernesto marcel,40,4,2,0.5,Orthodox,74,Panama,167.9448,172.9994
sammy mandell,146,26,17,0.168,Orthodox,118,United States,170.07840000000002,170.00220000000002
jim maloney,4,9,2,0.2,Orthodox,55,United States,164.8968,170.00220000000002
marcos rene maidana,35,5,0,0.775,Orthodox,39,Argentina,170.07840000000002,175.00600000000003
jessie magdaleno,27,1,0,0.621,Orthodox,30,United States,163.06799999999998,167.9956
diego magdaleno,31,3,0,0.382,Southpaw,35,United States,167.9448,175.00600000000003
yusaf mack,31,8,2,0.415,Orthodox,42,United States,185.01360000000003,191.008
eddie machen,50,11,3,0.45299999999999996,Orthodox,90,United States,182.88,191.008
enzo maccarinelli,41,8,0,0.6729999999999999,Orthodox,42,United Kingdom,192.9384,189.0014
erickson lubin,22,1,0,0.667,Southpaw,26,United States,180.1368,192.9892
joe louis,66,3,0,0.754,Orthodox,108,United States,188.0616,192.9892
tommy loughran,121,32,15,0.083,Orthodox,119,United States,181.9656,184.9882
yaqui lopez,61,15,0,0.513,Orthodox,71,Mexico,188.0616,191.008
ricardo lopez,51,0,1,0.731,Orthodox,56,Mexico,164.8968,164.99839999999998
josesito lopez,37,8,0,0.426,Orthodox,38,United States,177.0888,175.00600000000003
jose luis lopez,51,5,2,0.672,Orthodox,49,Mexico,173.1264,178.0032
duilio loi,115,3,8,0.20600000000000002,Orthodox,93,Italy,163.9824,175.00600000000003
vasyl lomachenko,14,2,0,0.625,Southpaw,34,Ukraine,167.9448,165.98899999999998
sonny liston,50,4,0,0.722,Orthodox,92,United States,184.0992,213.0044
jorge linares,46,5,0,0.569,Orthodox,37,"Venezuela, Bolivarian Republic of",174.0408,175.99660000000003
lennox lewis,41,2,1,0.727,Orthodox,56,United Kingdom,195.9864,213.0044
john henry lewis,97,10,4,0.514,Orthodox,108,United States,180.1368,191.9986
sugar ray leonard,36,3,1,0.625,Orthodox,66,United States,178.0032,188.0108
benny leonard,185,22,12,0.32,Orthodox,126,United States,164.8968,175.00600000000003
david lemieux,41,4,0,0.723,Orthodox,33,Canada,177.0888,178.0032
scott ledoux,33,13,4,0.44,Orthodox,73,United States,187.1472,202.9968
jose legra,133,11,4,0.33799999999999997,Orthodox,79,Cuba,173.1264,159.99460000000002
erislandy lara,26,3,3,0.469,Southpaw,39,Cuba,174.95520000000002,191.008
tippy larkin,137,15,1,0.39,Orthodox,104,United States,170.07840000000002,180.0098
jake lamotta,83,19,4,0.28300000000000003,Orthodox,101,United States,173.1264,170.00220000000002
ismael laguna,65,9,1,0.493,Orthodox,79,Panama,174.95520000000002,172.9994
fred ladd,45,11,0,0.589,Orthodox,50,United States,180.1368,180.0098
fidel labarba,73,15,7,0.168,Orthodox,116,United States,160.02,167.9956
solly krieger,82,25,6,0.478,Orthodox,113,United States,173.1264,172.9994
robin krasniqi,49,6,0,0.309,Orthodox,35,Germany,185.928,188.0108
sergey kovalev,34,4,1,0.725,Orthodox,39,Russian Federation,182.88,183.9976
matt korobov,28,3,1,0.43799999999999994,Southpaw,39,Russian Federation,180.1368,178.9938
kohei kono,33,11,1,0.28300000000000003,Orthodox,41,Japan,166.116,170.00220000000002
wladimir klitschko,64,5,0,0.768,Orthodox,46,Ukraine,198.12,205.994
arthur king,63,13,0,0.263,Orthodox,95,Canada,170.99280000000002,175.00600000000003
ievgen khytrov,19,2,0,0.762,Orthodox,34,United States,180.1368,164.99839999999998
vitali klitschko,45,2,0,0.872,Orthodox,51,Ukraine,200.8632,200.9902
amir khan,34,5,0,0.5379999999999999,Orthodox,35,United Kingdom,174.0408,180.0098
mikkel kessler,46,3,0,0.7140000000000001,Orthodox,43,Denmark,185.01360000000003,188.0108
egidijus kavaliauskas,22,1,1,0.75,Orthodox,34,Lithuania,174.95520000000002,180.0098
tomoki kameda,36,3,0,0.513,Orthodox,31,Japan,170.07840000000002,167.9956
louis 'kid' kaplan,121,23,20,0.17,Orthodox,120,United States,156.972,159.00400000000002
sumbu kalambay,57,6,1,0.516,Orthodox,66,Italy,174.95520000000002,183.007
ayub kalule,46,4,0,0.46,Southpaw,68,Uganda,173.1264,184.9882
zab judah,42,10,0,0.537,Southpaw,44,United States,170.99280000000002,183.007
anthony joshua,24,1,0,0.88,Orthodox,32,United Kingdom,198.12,208.30540000000002
roy jones jr.,66,9,0,0.618,Orthodox,53,United States,180.1368,188.0108
tureano johnson,21,2,1,0.6,Orthodox,38,Bahamas,178.0032,186.99480000000003
stevie johnston,42,6,1,0.36700000000000005,Southpaw,49,United States,163.9824,173.99
harold johnson,76,11,0,0.368,Orthodox,94,United States,178.0032,188.0108
dujuan johnson,21,3,0,0.708,Orthodox,61,United States,174.0408,183.007
glen johnson,54,20,2,0.48700000000000004,Orthodox,53,Jamaica,174.95520000000002,191.008
chris john,49,1,3,0.434,Orthodox,42,Indonesia,168.85920000000002,175.00600000000003
ingemar johansson,26,2,0,0.607,Orthodox,89,Sweden,184.0992,183.007
eder jofre,72,2,4,0.6409999999999999,Orthodox,86,Brazil,163.06799999999998,167.9956
bryant jennings,24,3,0,0.519,Orthodox,37,United States,191.1096,213.0044
ben jeby,54,14,4,0.301,Orthodox,112,United States,178.0032,178.0032
izzy jannazzo,65,46,15,0.063,Orthodox,107,United States,174.0408,181.991
phil jackson,44,13,0,0.655,Orthodox,58,United States,185.01360000000003,200.9902
daniel jacobs,36,3,0,0.75,Orthodox,35,United States,185.01360000000003,184.9882
beau jack,89,24,6,0.361,Orthodox,101,United States,167.9448,173.99
badou jack,22,3,3,0.44799999999999995,Orthodox,38,Sweden,185.01360000000003,192.9892
david izon,27,6,0,0.6970000000000001,Orthodox,54,Nigeria,191.1096,210.99779999999998
ryosuke iwasa,27,3,0,0.5479999999999999,Southpaw,32,Japan,170.07840000000002,178.9938
julian jackson,55,6,0,0.8029999999999999,Orthodox,61,"Virgin Islands, U.S.",181.9656,184.9882
paul ingle,23,2,0,0.64,Orthodox,50,United Kingdom,164.8968,170.00220000000002
naoya inoue,20,0,0,0.85,Orthodox,29,Japan,163.06799999999998,170.00220000000002
charles humez,94,7,1,0.456,Orthodox,95,France,174.95520000000002,180.0098
caleb hunter plant,21,0,0,0.524,Orthodox,30,United States,185.01360000000003,188.0108
azat hovhannisyan,18,3,0,0.7140000000000001,Orthodox,34,Armenia,167.03040000000001,169.01160000000002
jeff horn,20,2,1,0.542,Orthodox,34,Australia,174.95520000000002,172.9994
eddie hopson,30,2,0,0.43799999999999994,Southpaw,51,United States,163.06799999999998,156.9974
lloyd honeyghan,43,5,0,0.625,Orthodox,62,United Kingdom,173.1264,175.00600000000003
bernard hopkins,55,8,2,0.478,Orthodox,57,United States,185.01360000000003,191.008
evander holyfield,44,10,2,0.509,Orthodox,59,United States,188.976,197.99300000000002
larry holmes,69,6,0,0.5870000000000001,Orthodox,72,United States,189.89040000000003,205.994
keith holmes,41,5,0,0.5429999999999999,Southpaw,53,United States,188.0616,197.99300000000002
dennis hogan,28,3,1,0.21899999999999997,Orthodox,37,Australia,173.1264,181.991
hiroyuki hisataka,23,17,2,0.23800000000000002,Orthodox,37,Japan,163.9824,162.0012
virgil hill,50,7,0,0.40399999999999997,Orthodox,58,United States,184.0992,196.0118
freddy hernandez,31,9,0,0.488,Orthodox,43,Mexico,178.0032,188.0108
genaro hernandez,38,2,1,0.415,Orthodox,56,United States,180.1368,183.007
robert helenius,30,3,0,0.5760000000000001,Orthodox,38,Finland,199.94879999999998,200.9902
thomas hearns,61,5,1,0.716,Orthodox,63,United States,185.01360000000003,197.99300000000002
david haye,28,4,0,0.813,Orthodox,41,United Kingdom,191.1096,197.99300000000002
ricky hatton,45,3,0,0.667,Orthodox,43,United Kingdom,170.99280000000002,164.99839999999998
henry hank,62,31,4,0.41200000000000003,Orthodox,87,United States,178.0032,191.008
naseem hamed,36,1,0,0.838,Southpaw,48,United Kingdom,163.9824,162.9918
richard hall,30,14,0,0.636,Southpaw,50,Jamaica,191.1096,197.0024
marvin hagler,62,3,2,0.7759999999999999,Southpaw,68,United States,177.0888,191.008
stefan haertel,18,1,0,0.105,Orthodox,34,Germany,184.0992,188.0108
art hafey,53,8,4,0.5539999999999999,Orthodox,71,Canada,156.972,159.99460000000002
andres gutierrez,39,2,1,0.591,Orthodox,29,Mexico,167.9448,170.00220000000002
robert guerrero,36,6,1,0.444,Southpaw,39,United States,173.1264,178.0032
george groves,28,4,0,0.625,Orthodox,34,United Kingdom,181.9656,183.007
crawford grimsley,22,4,1,0.741,Orthodox,55,United States,188.0616,196.0118
sherman griffin,17,7,0,0.52,Orthodox,59,United States,191.1096,197.99300000000002
montell griffin,50,8,1,0.508,Orthodox,52,United States,170.07840000000002,178.0032
harry greb,262,17,18,0.161,Orthodox,128,United States,173.1264,180.0098
mitch green,19,6,1,0.444,Orthodox,65,United States,195.9864,208.0006
rocky graziano,67,10,6,0.627,Orthodox,103,United States,170.07840000000002,173.99
emile griffith,85,24,2,0.205,Orthodox,84,"Virgin Islands, U.S.",170.99280000000002,183.007
michael grant,48,6,0,0.667,Orthodox,50,United States,200.8632,218.0082
adrian granados,20,8,2,0.452,Orthodox,33,Mexico,174.95520000000002,188.0108
herol graham,48,6,0,0.519,Southpaw,62,United Kingdom,181.9656,196.0118
jhonny gonzalez,68,11,0,0.696,Orthodox,40,Mexico,168.85920000000002,175.00600000000003
miguel angel gonzalez,51,5,1,0.7020000000000001,Orthodox,51,Mexico,174.0408,172.9994
roman gonzalez,49,2,0,0.774,Orthodox,35,Nicaragua,160.02,162.9918
roberto gonzales,24,3,0,0.556,Orthodox,31,Philippines,167.9448,156.9974
juan carlos gomez,55,4,0,0.667,Southpaw,49,Cuba,192.024,204.0128
gennady golovkin,41,1,1,0.8370000000000001,Orthodox,40,Kazakhstan,178.9176,178.0032
mike gibbons,113,11,8,0.28600000000000003,Orthodox,135,United States,174.95520000000002,183.007
tommy gibbons,95,5,5,0.45299999999999996,Orthodox,131,United States,184.0992,188.0108
noel gevor,24,2,0,0.385,Orthodox,31,Germany,188.976,191.008
kid gavilan,108,30,5,0.196,Orthodox,96,Cuba,178.9176,180.0098
jason gavern,27,21,4,0.231,Orthodox,45,United States,188.0616,192.9892
terrell gausha,21,1,1,0.41700000000000004,Orthodox,34,United States,178.0032,186.99480000000003
arturo gatti,40,9,0,0.633,Orthodox,50,Canada,170.99280000000002,178.0032
ceferino garcia,118,30,14,0.457,Orthodox,115,Philippines,167.9448,178.0032
mikey garcia,40,1,0,0.732,Orthodox,34,United States,167.9448,172.9994
danny garcia,36,2,0,0.5379999999999999,Orthodox,34,United States,174.0408,173.99
yuriorkis gamboa,30,3,0,0.529,Orthodox,40,Cuba,166.116,164.99839999999998
victor galindez,55,9,4,0.486,Orthodox,73,Argentina,177.0888,183.9976
tyson fury,30,0,1,0.6559999999999999,Orthodox,34,United Kingdom,206.0448,216.00160000000002
gene fullmer,55,6,3,0.375,Orthodox,91,United States,173.1264,175.00600000000003
sammy fuller,55,18,3,0.289,Orthodox,116,United States,160.9344,156.9974
vitor jones freitas,17,5,1,0.435,Orthodox,29,Brazil,171.9072,173.99
acelino freitas,39,2,0,0.805,Orthodox,46,Brazil,167.9448,170.00220000000002
joe frazier,32,4,1,0.73,Orthodox,78,United States,181.9656,184.9882
tommy freeman,181,20,22,0.37200000000000005,Orthodox,118,United States,170.99280000000002,178.0032
jermaine franklin,20,0,0,0.65,Orthodox,28,United States,188.0616,196.0118
stacy frazier,16,17,0,0.455,Orthodox,51,United States,195.9864,210.99779999999998
carl frampton,27,2,0,0.5,Orthodox,35,United Kingdom,164.8968,156.9974
joshua franco,15,1,2,0.33299999999999996,Orthodox,26,United States,164.8968,170.00220000000002
tiger jack fox,139,23,12,0.49700000000000005,Orthodox,115,United States,181.9656,191.008
drian francisco,28,6,1,0.629,Orthodox,39,Philippines,164.8968,164.99839999999998
bob foster,56,8,1,0.708,Orthodox,84,United States,191.1096,200.9902
carl froch,33,2,0,0.6859999999999999,Orthodox,45,United Kingdom,185.01360000000003,191.008
javier fortuna,36,2,1,0.61,Southpaw,33,Dominican Republic,168.85920000000002,173.99
george foreman,76,5,0,0.84,Orthodox,73,United States,192.024,199.009
vernon forrest,41,3,0,0.644,Orthodox,51,United States,182.88,184.9882
tiger flowers,134,17,8,0.34,Southpaw,129,United States,178.0032,192.9892
zora folley,79,11,6,0.45799999999999996,Orthodox,91,United States,185.01360000000003,196.0118
bj flores,32,4,1,0.541,Orthodox,43,United States,188.0616,202.9968
omar figueroa,28,1,1,0.633,Orthodox,32,United States,170.99280000000002,184.9882
jackie fields,74,9,2,0.36,Orthodox,114,United States,170.99280000000002,175.00600000000003
tevin farmer,30,5,1,0.162,Southpaw,32,United States,167.9448,175.00600000000003
esquiva falcao,27,0,0,0.667,Southpaw,32,Brazil,178.0032,184.9882
chris eubank jr,29,2,0,0.71,Orthodox,32,United Kingdom,180.1368,183.9976
juan francisco estrada,41,3,0,0.622,Orthodox,32,Mexico,163.06799999999998,167.9956
chris eubank,46,5,2,0.434,Orthodox,56,United Kingdom,178.0032,184.9882
jaron ennis,25,0,0,0.885,Orthodox,25,United States,178.0032,188.0108
flash elorde,89,27,2,0.28,Southpaw,87,Philippines,167.03040000000001,172.9994
davi eliasquevici,13,8,1,0.455,Orthodox,33,Brazil,174.95520000000002,175.99660000000003
roberto duran,103,16,0,0.588,Orthodox,71,Panama,170.07840000000002,167.9956
serhiy dzinziruk,37,2,1,0.6,Southpaw,46,Ukraine,182.88,172.9994
olanrewaju durodola,31,7,0,0.7440000000000001,Orthodox,41,Nigeria,188.0616,197.0024
ralph dupas,106,23,6,0.141,Orthodox,86,United States,173.1264,172.9994
colin dunne,38,3,0,0.634,Orthodox,51,United Kingdom,168.85920000000002,172.9994
vince dundee,122,21,14,0.184,Orthodox,114,United States,173.1264,180.0098
thomas dulorme,25,4,1,0.516,Orthodox,32,Puerto Rico,178.0032,178.0032
terry downes,35,9,0,0.636,Orthodox,86,United Kingdom,174.95520000000002,175.00600000000003
yunier dorticos,24,1,0,0.846,Orthodox,36,Cuba,191.1096,202.9968
nonito donaire,40,6,0,0.542,Orthodox,39,Philippines,166.116,172.9994
tj doheny,22,1,0,0.696,Southpaw,35,Australia,167.9448,167.9956
scott dixon,37,10,4,0.17600000000000002,Orthodox,45,United Kingdom,182.88,192.9892
isaac dogboe,19,2,0,0.619,Orthodox,27,Ghana,156.972,167.9956
andre dirrell,26,3,0,0.552,Orthodox,38,United States,185.01360000000003,191.008
anthony dirrell,33,2,1,0.667,Orthodox,37,United States,184.0992,189.0014
christopher diaz,26,2,0,0.552,Orthodox,27,Puerto Rico,167.9448,162.9918
juan diaz,41,4,0,0.444,Orthodox,38,United States,167.9448,170.00220000000002
joseph diaz,31,1,0,0.455,Southpaw,29,United States,167.9448,162.9918
jack dempsey,59,6,11,0.5920000000000001,Orthodox,127,United States,185.01360000000003,196.0118
sergiy derevyanchenko,13,2,0,0.667,Orthodox,36,United States,170.07840000000002,170.9928
paddy demarco,75,26,3,0.077,Orthodox,94,United States,167.9448,178.0032
antonio demarco,33,8,1,0.5710000000000001,Southpaw,36,Mexico,178.0032,180.0098
diego de la hoya,22,1,0,0.41700000000000004,Orthodox,28,Mexico,167.9448,172.9994
esteban de jesus,58,5,0,0.524,Orthodox,71,Puerto Rico,163.9824,170.00220000000002
freddie dawson,102,14,5,0.38799999999999996,Orthodox,98,United States,167.9448,173.99
chad dawson,35,5,0,0.452,Southpaw,40,United States,185.01360000000003,194.0052
oscar de la hoya,39,6,0,0.667,Orthodox,49,United States,178.9176,184.9882
les darcy,46,4,0,0.58,Orthodox,126,Australia,167.9448,180.0098
jack culcay,29,4,0,0.39399999999999996,Orthodox,36,Germany,170.07840000000002,164.99839999999998
donald curry,34,6,0,0.625,Orthodox,60,United States,177.0888,183.007
steve cunningham,28,9,0,0.35100000000000003,Orthodox,46,United States,189.89040000000003,208.0006
alfredo cuevas,26,10,1,0.45899999999999996,Orthodox,52,United States,174.95520000000002,180.0098
pipino cuevas,35,15,0,0.62,Orthodox,64,Mexico,173.1264,178.0032
jesus marcelo andres cuellar,29,4,0,0.667,Southpaw,35,Argentina,164.8968,180.0098
terence crawford,37,0,0,0.757,Orthodox,34,United States,173.1264,178.0032
anthony crolla,35,7,3,0.289,Orthodox,35,United Kingdom,174.0408,170.00220000000002
miguel cotto,41,6,0,0.7020000000000001,Orthodox,41,Puerto Rico,170.07840000000002,170.00220000000002
jezreel corrales,22,2,0,0.32,Orthodox,31,Panama,167.9448,170.00220000000002
diego corrales,40,5,0,0.733,Orthodox,44,United States,178.9176,178.0032
marvin cordova jr,21,2,1,0.45799999999999996,Orthodox,37,United States,174.95520000000002,178.0032
billy conn,64,11,1,0.19699999999999998,Orthodox,104,United States,187.1472,183.9976
steve collins,36,3,0,0.5379999999999999,Orthodox,58,Ireland,182.88,180.0098
derrell coley,39,2,2,0.614,Orthodox,52,United States,180.1368,191.008
luis collazo,39,8,0,0.426,Southpaw,41,United States,174.95520000000002,183.007
curtis cokes,62,14,4,0.375,Orthodox,85,United States,173.1264,184.9882
gerrie coetzee,33,6,1,0.525,Orthodox,67,South Africa,188.976,205.994
jerome coffee,36,13,1,0.4,Orthodox,64,United States,168.85920000000002,167.9956
justin clements,33,16,2,0.21600000000000003,Orthodox,50,Australia,185.928,184.9882
fedor chudinov,21,3,0,0.583,Orthodox,34,Russian Federation,177.0888,183.007
isaac chilemba,26,7,2,0.28600000000000003,Orthodox,35,Malawi,185.01360000000003,184.9882
anton christoforidis,54,15,8,0.16899999999999998,Orthodox,105,Greece,173.1264,183.007
kid chocolate,136,10,6,0.336,Orthodox,112,Cuba,167.9448,164.99839999999998
dereck chisora,32,10,0,0.5479999999999999,Orthodox,38,United Kingdom,187.1472,188.0108
julio cesar chavez jr,51,4,1,0.589,Orthodox,36,Mexico,185.01360000000003,184.9882
jesus chavez,44,8,0,0.5770000000000001,Orthodox,49,Mexico,164.8968,164.99839999999998
julio cesar chavez,107,6,2,0.748,Orthodox,60,Mexico,170.99280000000002,169.01160000000002
dave charnley,48,12,1,0.44299999999999995,Southpaw,86,United Kingdom,167.9448,170.00220000000002
jermall charlo,30,0,0,0.733,Orthodox,32,United States,182.88,186.99480000000003
ezzard charles,93,25,1,0.43700000000000006,Orthodox,101,United States,182.88,184.9882
eddie chambers,40,5,0,0.489,Orthodox,40,United States,185.01360000000003,191.008
jermell charlo,35,1,1,0.5,Orthodox,32,United States,180.1368,184.9882
ruslan chagaev,34,3,1,0.5529999999999999,Southpaw,43,Uzbekistan,180.1368,188.0108
antonio cervantes,91,12,3,0.425,Orthodox,76,Colombia,174.95520000000002,183.007
hugo centeno jr,27,3,1,0.43799999999999994,Orthodox,31,United States,187.1472,191.9986
julio ceja,32,4,1,0.757,Orthodox,29,Mexico,166.116,161.0106
jose cayetano,21,7,0,0.35700000000000004,Orthodox,35,Mexico,164.8968,167.9956
celex antonio castro,2,0,0,1.0,Orthodox,22,Mexico,173.1264,175.99660000000003
jose luis castillo,66,13,1,0.713,Orthodox,48,Mexico,170.99280000000002,175.00600000000003
rodolfo casanova,81,22,3,0.48100000000000004,Orthodox,107,Mexico,160.9344,167.9956
joel casamayor,38,6,1,0.489,Southpaw,51,Cuba,170.07840000000002,175.00600000000003
jimmy carter,81,31,9,0.264,Orthodox,98,United States,167.9448,172.9994
dominick carter,30,10,0,0.415,Orthodox,56,United States,182.88,184.9882
jack carroll,85,11,4,0.382,Orthodox,115,Australia,178.9176,183.007
adrian carreon,16,0,3,0.474,Orthodox,50,United States,185.01360000000003,183.007
blake caparello,30,3,1,0.361,Southpaw,35,Australia,187.1472,188.0108
tony canzoneri,141,24,10,0.251,Orthodox,113,United States,163.06799999999998,164.99839999999998
andrew cancio,21,5,2,0.552,Orthodox,33,United States,167.9448,172.9994
luke campbell,20,3,0,0.667,Southpaw,34,United Kingdom,174.95520000000002,180.0098
pablo cesar cano,33,7,1,0.535,Orthodox,32,Mexico,174.95520000000002,178.0032
luis ramon campas,103,17,3,0.642,Orthodox,51,Mexico,180.1368,178.0032
joe calzaghe,46,0,0,0.696,Southpaw,50,United Kingdom,180.1368,184.9882
hector camacho,79,6,3,0.43200000000000005,Southpaw,60,Puerto Rico,168.85920000000002,175.00600000000003
lucian bute,32,5,0,0.6759999999999999,Southpaw,42,Romania,187.1472,183.007
charley burley,83,12,2,0.51,Orthodox,104,United States,174.95520000000002,191.008
ricky burns,43,8,1,0.308,Orthodox,39,United Kingdom,178.0032,178.0032
cornelius bundrage,35,6,1,0.452,Orthodox,49,United States,167.9448,183.007
ken buchanan,61,8,0,0.391,Orthodox,77,United Kingdom,170.99280000000002,178.0032
frank bruno,40,5,0,0.8440000000000001,Orthodox,60,United Kingdom,191.1096,208.0006
joe bugner,69,13,1,0.494,Orthodox,72,Australia,192.9384,208.0006
derek bryant,20,7,1,0.607,Southpaw,51,United States,191.1096,200.9902
simon brown,47,12,0,0.5760000000000001,Orthodox,59,Jamaica,177.0888,180.0098
panama al brown,132,21,13,0.361,Orthodox,120,Panama,174.95520000000002,183.9976
glenwood brown,48,12,0,0.483,Orthodox,55,United States,170.99280000000002,183.9976
marcus browne,23,1,0,0.64,Southpaw,31,United States,184.0992,191.9986
joe brown,116,47,16,0.289,Orthodox,96,United States,170.99280000000002,172.9994
kell brook,39,3,0,0.643,Orthodox,36,United Kingdom,174.95520000000002,175.00600000000003
lou brouillard,101,31,3,0.42200000000000004,Southpaw,111,Canada,170.07840000000002,183.007
adrien broner,33,4,1,0.615,Orthodox,33,United States,167.9448,175.00600000000003
shannon briggs,60,6,1,0.779,Orthodox,50,United States,192.9384,202.9968
jack britton,239,57,46,0.087,Orthodox,136,United States,173.1264,178.0032
dominic breazeale,20,2,0,0.818,Orthodox,36,United States,199.0344,205.994
timothy bradley,33,2,1,0.35100000000000003,Orthodox,38,United States,167.9448,175.00600000000003
juergen braehmer,50,3,0,0.679,Southpaw,43,Germany,181.05120000000002,181.0004
livingstone bramble,40,26,3,0.36200000000000004,Orthodox,61,Saint Kitts and Nevis,173.1264,188.0108
riddick bowe,43,1,0,0.733,Orthodox,54,United States,195.9864,205.994
enrique bolanos,79,22,5,0.415,Orthodox,97,United States,173.1264,184.9882
victor bisbal,22,4,0,0.615,Orthodox,42,Puerto Rico,192.9384,197.99300000000002
lennox blackmoore,25,5,0,0.467,Orthodox,72,Guyana,177.0888,191.008
jimmy bivins,86,25,1,0.27699999999999997,Orthodox,102,United States,174.95520000000002,192.9892
mickey bey,22,3,1,0.37,Orthodox,39,United States,174.95520000000002,175.00600000000003
andre berto,33,5,0,0.615,Orthodox,38,United States,168.85920000000002,173.99
artur beterbiev,15,0,0,0.938,Orthodox,37,Russian Federation,184.0992,184.9882
melio bettina,83,14,3,0.36,Southpaw,105,United States,174.95520000000002,178.0032
trevor berbick,49,11,1,0.541,Orthodox,68,Canada,188.0616,197.99300000000002
miguel berchelt,38,1,0,0.85,Orthodox,30,Mexico,170.07840000000002,180.0098
nicky bentz,36,7,2,0.644,Orthodox,50,Mexico,170.07840000000002,178.0032
jose benavidez,27,1,0,0.643,Orthodox,30,United States,180.1368,184.9882
nino benvenuti,82,7,1,0.389,Orthodox,84,Italy,180.1368,191.008
raymundo beltran,36,9,1,0.46799999999999997,Orthodox,41,Mexico,173.1264,172.9994
tony bellew,30,3,1,0.588,Orthodox,39,United Kingdom,191.1096,188.0108
owen beck,29,13,0,0.47600000000000003,Orthodox,46,Jamaica,187.1472,197.99300000000002
hogan kid bassey,59,13,2,0.284,Orthodox,90,Nigeria,160.02,169.01160000000002
fidel bassa,22,1,1,0.625,Orthodox,59,Colombia,160.9344,178.0032
marco antonio barrera,67,7,0,0.5870000000000001,Orthodox,48,Mexico,167.9448,178.0032
rances barthelemy,28,1,1,0.452,Orthodox,36,Cuba,180.1368,184.9882
sullivan barrera,22,3,0,0.56,Orthodox,40,Cuba,188.0616,184.9882
iran barkley,43,19,1,0.429,Orthodox,62,United States,185.01360000000003,188.0108
carlos manuel baldomir,49,16,6,0.21100000000000002,Orthodox,51,Argentina,170.07840000000002,172.9994
emanuel augustus,38,34,6,0.256,Orthodox,47,United States,170.07840000000002,172.9994
firat arslan,48,9,3,0.55,Southpaw,51,Germany,181.9656,194.9958
henry armstrong,150,21,10,0.5579999999999999,Orthodox,112,United States,166.116,170.00220000000002
chris arreola,38,6,1,0.7020000000000001,Orthodox,41,United States,191.1096,192.9892
alexis arguello,77,8,0,0.7290000000000001,Orthodox,70,Nicaragua,178.0032,183.007
art aragon,90,20,6,0.534,Orthodox,94,United States,173.1264,178.0032
alfredo angulo,24,6,0,0.633,Orthodox,40,Mexico,177.0888,175.00600000000003
fred apostoli,61,10,1,0.431,Orthodox,109,United States,177.0888,178.0032
sammy angott,94,29,8,0.168,Orthodox,107,United States,170.99280000000002,178.0032
jerwin ancajas,32,1,2,0.629,Southpaw,30,Philippines,167.9448,169.01160000000002
chris algieri,24,3,0,0.33299999999999996,Orthodox,38,United States,178.0032,183.007
lou ambers,91,8,7,0.264,Orthodox,108,United States,163.9824,178.0032
devon alexander,27,7,1,0.4,Southpaw,35,United States,174.0408,178.0032
prince badi ajamu,27,3,1,0.484,Orthodox,50,United States,182.88,188.0108
ryo akaho,33,2,2,0.568,Orthodox,36,Japan,167.9448,170.00220000000002
joseph agbeko,36,5,0,0.634,Orthodox,42,Ghana,166.116,165.98899999999998
brandon adams,21,3,0,0.542,Orthodox,33,United States,174.95520000000002,178.0032
arthur abraham,47,6,0,0.5660000000000001,Orthodox,42,Germany,174.95520000000002,183.007
victor abraham,24,15,0,0.205,Orthodox,66,United States,174.0408,178.0032
